player,player_id,position,team_name,Team,player_game_count,accuracy_percent,aimed_passes,attempts,avg_depth_of_target,avg_time_to_throw,bats,big_time_throws,btt_rate,completion_percent,completions,declined_penalties,def_gen_pressures,drop_rate,dropbacks,drops,first_downs,franchise_id,grades_hands_fumble,grades_offense,grades_pass,grades_run,hit_as_threw,interceptions,passing_snaps,penalties,pressure_to_sack_rate,qb_rating,sack_percent,sacks,scrambles,spikes,thrown_aways,touchdowns,turnover_worthy_plays,twp_rate,yards,ypa,rank_player_game_count,rank_accuracy_percent,rank_aimed_passes,rank_attempts,rank_avg_depth_of_target,rank_avg_time_to_throw,rank_big_time_throws,rank_btt_rate,rank_completion_percent,rank_completions,rank_drop_rate,rank_dropbacks,rank_drops,rank_first_downs,rank_grades_hands_fumble,rank_grades_offense,rank_grades_pass,rank_grades_run,rank_hit_as_threw,rank_interceptions,rank_passing_snaps,rank_penalties,rank_qb_rating,rank_scrambles,rank_spikes,rank_thrown_aways,rank_touchdowns,rank_turnover_worthy_plays,rank_twp_rate,rank_yards,rank_ypa,rank_bats,rank_declined_penalties,rank_def_gen_pressures,rank_pressure_to_sack_rate,rank_sack_percent,rank_sacks
Maverick McIvor,99476,QB,W KENTUCKY,Western Kentucky,3,75.7,111,119,9.7,2.37,1,9,7.4,65.5,78,0,39,7.1,130,6,47,346,74.1,74.6,75.4,57.5,3,1,133,0,10.3,114,3.1,4,5,0,4,10,3,2.3,936,7.9,1,89,1,1,72,176,1,34,92,1,105,1,7,1,15,76,53,175,1,41,1,56,63,42,15,5,1,27,101,1,88,132,1,216,90,95,165
Avery Johnson,173108,QB,KANSAS ST,Kansas State,3,76.6,94,99,9.3,2.51,2,6,5.9,64.6,64,0,23,11.1,103,8,33,199,58.9,76.4,75.3,64.3,0,1,106,1,4.3,104.1,1,1,2,0,3,6,7,6.6,763,7.7,1,81,3,2,87,143,7,51,99,2,57,4,2,10,149,64,54,102,61,41,4,13,84,109,15,11,10,1,33,3,93,180,1,186,66,66,66
Sawyer Robertson,146839,QB,BAYLOR,Baylor,2,68.4,95,98,9.6,2.38,2,7,6.4,62.2,61,0,21,6.2,107,4,35,118,73,69.2,69.6,54.4,0,0,119,0,23.8,114.3,4.7,5,3,0,1,7,3,2.5,859,8.8,8,150,2,3,77,171,3,45,120,3,121,2,24,4,30,116,94,193,61,100,2,56,60,86,15,65,7,27,92,2,56,180,1,172,162,128,189
Steve Angeli,156966,QB,SYRACUSE,Syracuse,2,69.4,85,94,9.2,2.48,4,7,6.9,60.6,57,1,38,3.4,107,2,34,304,37.6,72.3,70.9,67.4,2,2,114,1,23.7,85,8.4,9,4,0,3,3,5,4.4,690,7.3,8,144,5,4,89,150,3,41,131,5,152,2,74,7,190,92,85,78,4,19,3,13,130,66,15,11,55,9,55,6,110,213,213,215,161,184,213
Caden Veltkamp,156642,QB,FAU,Florida Atlantic,2,69.8,86,88,7.9,2.48,0,5,5.4,64.8,57,0,22,5,97,3,27,165,72.9,67.8,65.6,65.3,1,4,101,0,18.2,81.3,4.1,4,5,0,1,5,7,6.9,533,6.1,8,140,4,5,134,150,11,60,97,5,132,5,45,27,33,128,118,92,13,2,5,56,141,42,15,65,19,1,26,26,146,1,1,176,131,115,165
Walker Eget,146170,QB,S JOSE ST,San Jose State,2,66.7,75,87,12.1,2.77,4,4,4.3,50.6,44,0,29,12,91,6,25,285,72,61.2,59.5,63.4,0,3,96,1,13.8,61,4.4,4,0,2,6,2,6,6.3,491,5.6,8,161,10,6,22,85,19,79,186,28,53,6,7,38,50,163,153,120,61,6,6,13,183,178,1,2,78,3,36,41,161,213,1,207,115,121,165
Maalik Murphy,157302,QB,OREGON ST,Oregon State,2,67.1,82,83,8,2.38,1,7,8,63.9,53,0,19,3.6,88,2,32,265,72.4,75.5,72.7,69.4,0,3,93,0,15.8,87.5,3.4,3,2,0,0,4,4,4.3,622,7.5,8,160,6,7,127,171,3,29,108,11,150,7,74,12,40,72,75,59,61,6,8,56,126,109,15,124,37,15,57,13,100,132,1,160,126,103,141
AJ Swann,157186,QB,APP STATE,Appalachian State,2,74.4,78,80,10.5,2.59,0,3,3.6,62.5,50,0,15,13.8,87,8,35,108,72.3,87.7,85.2,70.4,0,1,90,0,13.3,104.2,2.3,2,5,0,2,5,2,2.2,661,8.3,8,107,7,8,55,124,35,95,113,17,39,8,2,4,45,19,20,48,61,41,11,56,83,42,15,34,19,48,102,9,68,1,1,131,108,82,103
Garrett Nussmeier,146757,QB,LSU,LSU,2,76.3,76,79,6.8,2.52,1,4,4.6,68.4,54,0,16,6.9,83,4,28,211,73,74.9,73.8,62,0,1,91,0,25,86.8,4.8,4,0,0,2,2,3,3.3,467,5.9,8,84,9,9,170,141,19,75,71,9,109,15,24,22,30,74,68,135,61,41,10,56,128,178,15,34,78,27,77,51,155,132,1,140,163,131,165
Dylan Lonergan,172386,QB,BOSTON COL,Boston College,2,79.2,77,79,7,2.54,2,4,4.9,75.9,60,0,17,1.6,85,1,34,121,71.8,88.1,88.5,56.7,0,0,89,0,11.8,133.8,2.4,2,3,0,0,8,0,0,657,8.3,8,62,8,9,164,137,19,70,33,4,170,10,112,7,54,16,12,182,61,100,12,56,29,86,15,124,5,133,133,11,68,180,1,146,97,83,103
Katin Houser,158386,QB,E CAROLINA,East Carolina,2,81.1,74,79,8.6,2.03,0,4,4.8,69.6,55,0,23,8.3,82,5,26,156,53,79.7,82.8,53.5,2,0,88,0,4.3,108.6,1.2,1,2,0,3,3,1,1.1,680,8.6,8,42,11,9,108,209,19,71,62,8,87,17,15,31,155,46,26,201,4,100,15,56,73,109,15,11,55,83,130,7,61,1,1,186,66,67,66
Malik Washington,198729,QB,MARYLAND,Maryland,2,69.9,73,78,8,2.58,1,3,3.8,59,46,0,12,9.8,79,5,26,215,49.3,68.9,68.9,55.9,1,0,82,0,8.3,99.9,1.3,1,0,0,3,5,2,2.4,512,6.6,8,139,15,12,127,129,35,90,149,22,73,21,15,31,169,121,99,187,13,100,27,56,94,178,15,11,19,48,96,34,132,132,1,109,80,68,66
Jalon Daniels,122555,QB,KANSAS,Kansas,3,79.7,74,76,10.1,2.79,0,5,6.3,71.1,54,0,31,8.5,82,5,35,198,32.6,84.4,81,71.5,1,2,86,0,9.7,127.1,3.7,3,3,0,1,9,3,3.5,680,8.9,1,59,11,13,62,80,11,47,56,9,86,17,15,4,197,30,29,37,13,19,19,56,38,86,15,65,3,27,71,7,53,1,1,211,88,109,141
Rocco Becht,157567,QB,IOWA STATE,Iowa State,3,74.3,74,75,9.8,2.48,0,5,6.4,68,51,0,18,7.3,85,4,28,193,45.2,84.9,86.1,63.8,0,0,89,0,22.2,118.5,4.7,4,6,0,1,6,1,1.1,595,7.9,1,108,11,14,68,150,11,45,74,13,104,10,24,22,183,26,15,112,61,100,12,56,52,33,15,65,10,83,130,16,88,1,1,155,152,128,165
Logan Fife,128176,QB,NEW MEX ST,New Mexico State,2,62.9,70,75,8.4,2.43,2,6,7.3,54.7,41,0,29,6.8,86,3,23,242,26.4,58.1,61.6,48.6,0,1,96,0,17.2,81.8,5.8,5,6,0,3,3,4,4.2,475,6.3,8,180,18,14,112,167,7,36,171,35,112,9,45,51,211,175,142,211,61,41,6,56,139,33,15,11,55,15,59,47,139,180,1,207,129,147,189
Owen McCown,157688,QB,UTSA,UTSA,2,66.2,74,75,7.8,2.24,0,3,3.8,56,42,0,27,14.3,83,7,21,331,50.4,70.7,66.2,73.4,0,0,87,0,11.1,76.5,3.6,3,5,0,1,2,3,3.4,340,4.5,8,173,11,14,139,198,35,90,165,32,35,15,5,64,164,107,115,26,61,100,16,56,154,42,15,65,78,27,73,94,187,1,1,204,92,106,141
E.J. Warner,156185,QB,FRESNO ST,Fresno State,3,78.1,73,74,6.3,2.67,0,1,1.4,68.9,51,0,15,10.5,82,6,30,169,50.1,62.5,59.5,69.5,0,5,83,1,20,58.2,3.7,3,5,0,1,0,6,7.2,476,6.4,1,72,15,17,178,103,96,139,70,13,68,17,7,17,166,161,153,55,61,1,26,13,187,42,15,65,156,3,23,46,135,1,1,131,141,109,141
Dylan Raiola,183581,QB,NEBRASKA,Nebraska,2,84.5,71,73,6.3,2.56,0,1,1.4,78.1,57,1,13,5,79,3,34,238,49.2,76,74.3,65.1,1,0,79,1,23.1,128.7,3.8,3,3,0,1,6,2,2.5,607,8.3,8,26,17,18,178,133,96,139,23,5,132,21,45,7,171,68,63,93,13,100,32,13,35,86,15,65,10,48,92,15,68,1,213,117,157,111,141
Jaxon Potter,176687,QB,WASH STATE,Washington State,2,76.8,69,73,6,2.18,1,0,0,69.9,51,0,15,3.8,77,2,24,341,72.5,65.9,67.6,53.2,0,0,79,2,0,105.1,0,0,4,1,2,4,1,1.3,465,6.4,8,80,20,18,183,202,143,143,61,13,149,29,74,43,38,137,106,203,61,100,32,2,81,66,3,34,37,83,123,53,135,132,1,131,1,1,1
Maddux Madsen,163379,QB,BOISE ST,Boise State,2,71.2,66,72,9.7,2.96,2,3,4,56.9,41,0,26,12.8,84,6,28,120,46.4,70.2,64.8,72.4,0,0,87,2,7.7,94.2,2.4,2,10,0,4,3,3,3.4,532,7.4,8,132,22,20,72,45,35,89,162,35,46,12,7,22,178,110,124,32,61,100,16,2,110,8,15,5,55,27,73,27,104,180,1,200,77,83,103
Nick Minicucci,173617,QB,DELAWARE,Delaware,2,74.2,66,71,8.8,2.55,0,2,2.7,64.8,46,0,21,6.1,79,3,30,151,73.6,68.2,63.2,72.4,2,1,84,0,19,103.4,5.1,4,4,0,3,4,2,2.4,587,8.3,8,109,22,21,103,136,62,116,97,22,122,21,45,17,20,126,136,32,4,41,24,56,85,66,15,11,37,48,96,17,68,1,1,172,139,138,165
John Mateer,158516,QB,OKLAHOMA,Oklahoma,2,78.8,66,71,9.5,2.46,1,6,8.2,71.8,51,0,17,1.9,76,1,29,261,76.3,82.3,78.5,71.4,1,2,78,0,11.8,107.6,2.6,2,3,0,3,4,4,5.1,658,9.3,8,66,22,21,79,157,7,28,54,13,168,31,112,20,3,39,40,38,13,19,35,56,75,86,15,11,37,15,46,10,49,132,1,146,97,85,103
Micah Alejado,184162,QB,HAWAII,Hawaii,2,75,68,70,8.1,2.51,0,1,1.4,64.3,45,0,17,11.8,84,6,25,180,44.8,55.5,55.8,59.2,0,1,86,1,47.1,81.1,9.5,8,6,0,2,2,1,1.2,367,5.2,8,94,21,23,121,143,96,139,106,25,54,12,7,38,184,189,170,158,61,41,19,13,143,33,15,34,78,83,128,85,172,1,1,146,206,190,211
Chandler Morris,122938,QB,VIRGINIA,Virginia,2,75.7,70,70,7,2.64,0,1,1.4,70,49,0,19,7.5,73,4,29,335,72.3,83.1,77.7,77,0,1,75,0,0,99.8,0,0,3,0,0,3,4,5.3,521,7.4,8,89,18,23,164,111,96,139,59,19,101,37,24,20,45,36,43,14,61,41,39,56,95,86,15,124,55,15,42,29,104,1,1,160,1,1,1
Jaron-Keawe Sagapolutele,198237,QB,CAL,California,2,79.7,64,68,9,2.53,4,2,2.9,69.1,47,0,18,7.8,72,4,23,130,71.5,84.6,83.8,63.6,0,1,74,0,5.6,99,1.4,1,3,0,0,3,1,1.4,501,7.4,8,59,29,25,96,139,62,112,68,21,98,38,24,51,65,29,24,116,61,41,45,56,100,86,15,124,55,83,117,38,104,213,1,155,70,69,66
Braylon Braxton,144442,QB,SO MISS,Southern Miss,2,72.3,65,68,7.8,2.86,1,5,6.6,66.2,45,0,23,4.3,84,2,24,296,73.5,75.4,69.6,73.1,0,1,92,1,13,100.9,3.6,3,12,0,2,5,4,4.3,413,6.1,8,123,25,25,139,63,11,44,86,25,145,12,74,43,22,73,94,28,61,41,9,13,90,1,15,34,19,15,57,68,146,132,1,186,107,106,141
Joe Fagnano,104768,QB,UCONN,Connecticut,2,71.4,63,68,8.3,2.48,4,5,7.1,61.8,42,0,16,6.7,70,3,20,146,71.4,74.3,71.5,70.1,1,0,73,0,12.5,100.1,2.9,2,0,0,0,3,1,1.4,519,7.6,8,126,31,25,115,150,11,38,122,32,115,45,45,71,68,78,82,50,13,100,49,56,93,178,15,124,55,83,117,30,98,213,1,140,102,88,103
Darian Mensah,169984,QB,DUKE,Duke,2,83.1,65,68,10.8,2.93,0,5,7,73.5,50,0,20,7.4,76,4,31,154,28.9,89.3,90.3,54.2,0,1,79,0,30,126.2,7.9,6,2,0,3,5,3,3.8,725,10.7,8,32,25,25,44,52,11,39,47,17,102,31,24,15,204,14,10,195,61,41,32,56,40,109,15,11,19,27,64,4,25,1,1,168,184,178,203
Beau Pribula,164182,QB,MISSOURI,Missouri,2,84.4,64,67,8.7,2.64,1,4,5.9,79.1,53,0,18,1.9,79,1,32,229,51.5,92.1,93.3,56.6,1,0,80,0,27.8,129.9,6.3,5,7,0,1,5,1,1.3,617,9.2,8,27,29,29,107,111,19,51,21,11,168,21,112,12,159,6,3,185,13,100,29,56,31,26,15,65,19,83,123,14,50,132,1,155,180,155,189
Nicholas Vattiato,145302,QB,MIDDLE TN,Middle Tennessee,2,61.3,62,67,7.4,2.35,2,2,2.9,52.2,35,0,22,7.9,77,3,17,224,71.7,60.1,58.6,62.1,0,1,80,0,27.3,73,7.8,6,4,0,3,3,1,1.3,301,4.5,8,187,33,29,154,178,62,112,181,65,96,29,45,90,57,166,159,133,61,41,29,56,159,66,15,11,55,83,123,103,187,180,1,176,178,177,203
Jack Layne,158966,QB,NEW MEXICO,New Mexico,2,73.8,65,67,5.9,2.28,0,4,5.3,65.7,44,0,24,8.3,76,4,20,241,72.4,69.4,68.1,65,1,3,86,0,20.8,65.7,6.6,5,4,0,1,1,0,0,363,5.4,8,111,25,29,184,190,19,63,91,28,87,31,24,71,40,114,104,94,13,6,19,56,173,66,15,65,107,133,133,87,169,1,1,192,147,159,189
Blake Shapen,122282,QB,MISS STATE,Mississippi State,2,79,62,66,7.7,2.68,1,3,4.3,68.2,45,0,22,8.2,79,4,22,227,51,71.9,74.8,54.4,2,1,84,0,22.7,107.4,6.3,5,8,0,1,4,2,2.4,549,8.3,8,65,33,32,143,100,35,79,72,25,93,21,24,58,160,95,59,193,4,41,24,56,76,18,15,65,37,48,96,24,68,132,1,176,155,155,189
Anthony Colandrea,170131,QB,UNLV,UNLV,3,82.3,62,66,10.8,2.92,0,8,11,74.2,49,0,31,3.9,81,2,33,325,76.1,91.4,87.4,81.5,0,1,89,0,19.4,128.8,7.4,6,8,0,4,6,1,1.1,647,9.8,1,37,33,32,44,55,2,19,43,19,148,20,74,10,4,9,14,6,61,41,12,56,34,18,15,5,10,83,130,12,36,1,1,211,140,170,203
Preston Stone,124716,QB,NWESTERN,Northwestern,2,70.8,65,65,9.2,2.52,0,2,3,61.5,40,0,22,13,71,6,22,256,41,57.5,56,61.2,0,4,73,0,22.7,69.1,7,5,1,0,0,3,5,6.8,405,6.2,8,134,25,34,89,141,62,109,124,43,43,43,7,58,188,179,167,141,61,2,49,56,164,140,15,124,55,9,29,70,142,1,1,176,155,164,189
Drew Mestemaker,190616,QB,N TEXAS,North Texas,2,74.6,63,65,9.9,2.65,2,3,4.3,64.6,42,0,21,10.6,72,5,30,251,71.9,79.7,76.9,69.4,0,0,77,0,14.3,117,4.2,3,4,0,0,5,1,1.3,553,8.5,8,106,31,34,67,108,35,79,99,32,67,38,15,17,52,46,46,59,61,100,36,56,56,66,15,124,19,83,123,21,63,180,1,172,116,116,141
Nico Iamaleava,174728,QB,UCLA,UCLA,2,71.2,59,64,7.6,2.63,3,0,0,62.5,40,0,32,4.8,79,2,27,324,53.5,71.7,67.8,68.5,0,2,86,0,18.8,77.1,7.6,6,9,1,1,2,1,1.2,392,6.1,8,132,39,36,146,117,143,143,113,43,138,21,74,27,153,97,105,68,61,19,19,56,152,11,3,65,78,83,128,78,146,208,1,214,137,175,203
Jaylen Raynor,172203,QB,ARK STATE,Arkansas State,2,77,61,64,8,2.67,0,4,5.6,71.9,46,0,19,2.1,78,1,27,113,52.3,78.1,76.4,66.1,0,2,87,0,26.3,100.3,6.4,5,9,0,3,4,4,4.7,469,7.3,8,79,36,36,127,103,19,58,52,22,167,28,112,27,157,53,49,85,61,19,16,56,92,11,15,11,37,15,50,49,110,1,1,160,174,157,189
Kyron Drones,144506,QB,VA TECH,Virginia Tech,2,66.7,54,64,9.3,3,2,5,7.2,50,32,0,24,11.1,72,4,15,337,75.2,71.2,61.5,78,3,2,77,0,20.8,59.1,6.9,5,2,0,5,1,2,2.6,356,5.6,8,161,56,36,87,39,11,37,187,81,57,38,24,101,10,101,145,13,1,19,36,56,184,109,15,3,107,48,91,91,161,180,1,192,147,163,189
JC French IV,162521,QB,GA SOUTHRN,Georgia Southern,2,68.3,60,63,7.9,2.29,2,4,6.2,57.1,36,0,12,12.2,71,5,19,174,71.8,70.8,71.2,58.3,0,2,74,0,25,79.9,4.2,3,5,0,1,4,2,2.7,337,5.3,8,154,38,39,134,189,19,49,158,59,52,43,15,79,54,106,84,168,61,19,45,56,147,42,15,65,37,48,89,97,170,180,1,109,163,116,141
Noah Kim,129623,QB,E MICHIGAN,Eastern Michigan,2,75.4,57,63,8.3,2.88,1,2,3,65.1,41,0,26,4.7,68,2,23,160,56.6,70.9,70.5,63.4,1,0,72,1,7.7,101.1,2.9,2,3,0,4,3,1,1.4,437,6.9,8,93,43,39,115,59,62,109,95,35,141,50,74,51,150,103,87,120,13,100,51,13,89,86,15,5,55,83,117,60,121,132,1,200,77,88,103
Ben Gulbranson,131734,QB,STANFORD,Stanford,2,60.7,56,62,5.5,2.71,0,1,1.6,50,31,0,25,8.8,68,3,12,300,46.3,29.5,29.8,49.6,1,3,71,2,12,40.3,4.4,3,3,0,5,0,6,8.5,249,4,8,192,48,41,191,92,96,133,187,84,85,50,45,112,179,215,215,210,13,6,55,2,207,86,15,3,156,3,17,111,193,1,1,197,100,121,141
Parker Navarro,123758,QB,OHIO,Ohio,2,77.2,57,62,8.8,3.02,1,3,4.5,69.4,43,0,29,2.3,75,1,32,259,60.9,78,68.7,81.9,1,3,80,3,6.9,94.7,2.7,2,11,0,3,4,2,2.5,498,8,8,77,43,41,103,37,35,77,65,31,166,34,112,12,148,54,102,5,13,6,29,1,109,5,15,11,37,48,92,40,79,132,1,207,73,87,103
Cade Klubnik,156253,QB,CLEMSON,Clemson,2,73.2,56,62,9.1,2.63,3,3,4.6,59.7,37,0,27,9.8,70,4,20,140,72.6,71.3,70.4,62.7,2,2,74,0,11.1,77.8,4.3,3,5,0,1,2,1,1.4,426,6.9,8,116,48,41,94,117,35,75,147,57,73,45,24,71,37,99,88,128,4,19,45,56,151,42,15,65,78,83,117,63,121,208,1,204,92,118,141
Marcel Reed,175940,QB,TEXAS A&M,Texas A&M,2,72.1,61,62,9.4,2.84,1,2,3.1,66.1,41,0,13,6.8,74,3,31,312,72.7,73.6,71.4,68.4,0,0,77,1,7.7,129,1.4,1,11,0,0,7,0,0,509,8.2,8,124,36,41,82,69,62,105,87,35,112,35,45,15,35,82,83,69,61,100,36,13,32,5,15,124,7,133,133,36,75,132,1,117,77,69,66
Ethan Vasko,163817,QB,LIBERTY,Liberty,2,68.4,57,62,10.7,2.86,3,2,3.1,61.3,38,0,22,2.6,72,1,24,206,55.3,77.9,73.6,70.7,0,1,75,0,18.2,109.1,5.6,4,6,0,2,5,3,4,532,8.6,8,150,43,41,48,63,62,105,128,51,162,38,112,43,151,56,69,47,61,41,39,56,72,33,15,34,19,27,61,27,61,208,1,176,131,143,165
Sam Leavitt,175465,QB,ARIZONA ST,Arizona State,2,61,59,61,9.2,3.07,1,4,5.9,55.7,34,0,24,5.6,74,2,23,110,71.8,62.1,55.5,75,0,3,82,1,16.7,67.6,5.4,4,9,1,0,3,4,4.9,339,5.6,8,188,39,46,89,30,19,51,166,71,125,35,74,51,54,162,174,19,61,6,27,13,167,11,3,124,55,15,47,96,161,132,1,192,127,142,165
Arch Manning,173162,QB,TEXAS,Texas,2,68.4,57,60,11.1,3.14,0,7,11.5,60,36,0,27,7.7,68,3,19,311,72.4,84.3,80.4,72.3,3,2,69,0,7.4,99.4,2.9,2,6,0,0,5,5,7.2,482,8,8,150,43,47,39,23,3,14,134,59,99,50,45,79,40,31,31,34,1,19,61,56,96,33,15,124,19,9,23,42,79,1,1,204,76,88,103
Ty Simpson,157008,QB,ALABAMA,Alabama,2,78.6,56,60,7.6,3.08,1,3,4.7,66.7,40,0,22,9.1,68,4,25,103,42.4,77.5,77.8,63.7,2,0,72,1,13.6,118.8,4.4,3,5,0,1,5,1,1.4,480,8,8,68,48,47,146,26,35,74,77,43,79,50,24,38,187,59,42,114,4,100,51,13,49,42,15,65,19,83,117,43,79,132,1,176,113,121,141
Luke Weaver,198494,QB,HAWAII,Hawaii,3,67.9,56,60,8,2.57,1,2,3.1,58.3,35,0,17,7.9,70,3,22,180,49.4,47.2,46.3,56.8,1,3,75,0,23.5,71.5,5.7,4,6,0,2,3,5,6.7,360,6,1,157,48,47,127,132,62,105,150,65,96,45,45,58,168,206,201,181,13,6,39,56,161,33,15,34,55,9,30,89,149,132,1,146,159,144,165
Kaden Anderson,127312,QB,WYOMING,Wyoming,2,71.4,56,60,7.6,2.7,2,1,1.6,60,36,0,15,10,64,4,18,351,46.8,65.5,64.1,62.4,0,1,67,1,13.3,91.5,3.1,2,2,0,2,3,2,3,427,7.1,8,126,48,47,146,96,96,133,134,59,70,64,24,84,177,142,128,131,61,41,67,13,120,109,15,34,55,48,84,62,116,180,1,131,108,95,103
Malachi Nelson,174203,QB,UTEP,UTEP,2,71.4,56,60,10.4,2.51,0,1,1.6,58.3,35,0,12,12.5,68,5,18,330,71.4,48.5,50.2,50.7,0,1,72,1,25,102.8,4.4,3,4,1,3,5,5,6.9,450,7.5,8,126,48,47,58,143,96,133,150,65,47,50,15,84,68,204,190,209,61,41,51,13,86,66,3,11,19,9,26,56,100,1,1,109,163,121,141
Byrum Brown,156206,QB,USF,USF,2,72.4,58,59,6.5,2.67,0,3,4.8,64.4,38,0,19,9.5,70,4,15,327,76.1,71.3,63.4,72,1,0,75,0,26.3,92.8,7.1,5,5,0,0,1,1,1.3,444,7.5,8,122,41,52,174,103,35,71,102,51,76,45,24,101,4,99,133,35,13,100,39,56,118,42,15,124,107,83,123,58,100,1,1,160,174,165,189
Drew Allar,164157,QB,PENN STATE,Penn State,2,80,55,59,8.2,2.58,1,0,0,69.5,41,0,11,6.8,66,3,24,266,53.4,69.9,69.9,58.8,0,0,69,0,27.3,106.4,4.5,3,4,0,3,3,0,0,417,7.1,8,45,54,52,120,129,143,143,64,35,112,58,45,43,154,111,92,162,61,100,61,56,80,66,15,11,55,133,133,66,116,132,1,98,178,127,141
Bryson Barnes,131845,QB,UTAH ST,Utah State,2,69.8,53,59,10.5,3.01,2,4,6.1,57.6,34,0,30,8.1,79,3,24,329,36.4,64.1,64.8,60.8,1,0,86,1,36.7,95.4,13.9,11,9,0,3,3,3,3.5,402,6.8,8,140,60,52,55,38,19,50,156,71,94,21,45,43,193,149,124,144,13,100,19,13,106,11,15,11,55,27,71,72,127,180,1,210,199,200,214
Ben Finley,122864,QB,AKRON,Akron,2,56.4,55,59,10.6,2.89,0,2,3.2,39,23,0,26,25.8,66,8,10,102,71.7,63.8,65.2,54,0,1,71,0,15.4,41.1,6.1,4,3,0,4,0,1,1.4,193,3.3,8,202,54,52,52,57,62,102,204,113,10,58,2,123,57,151,121,197,61,41,55,56,206,86,15,5,156,83,117,124,202,1,1,200,122,151,165
Athan Kaliakmanis,144971,QB,RUTGERS,Rutgers,2,84.2,57,59,9.7,2.69,0,1,1.6,74.6,44,0,19,8.3,70,4,36,278,73.6,87.4,90.6,55.5,1,0,75,0,21.1,134.2,5.7,4,7,0,1,6,0,0,511,8.7,8,28,43,52,72,97,96,133,38,28,87,45,24,3,20,20,6,189,13,100,39,56,28,26,15,65,10,133,133,35,60,1,1,160,149,144,165
Joey Aguilar,174978,QB,TENNESSEE,Louisville,2,77.6,58,59,9,2.45,1,3,4.8,66.1,39,0,13,13.3,60,6,27,307,47.7,92.9,93.5,55.7,0,0,63,0,0,124.4,0,0,1,0,0,5,0,0,552,9.4,8,75,41,52,96,159,35,71,87,49,40,76,7,27,174,3,2,188,61,100,76,56,43,140,15,124,19,133,133,22,46,132,1,117,1,1,1
Fernando Mendoza,158323,QB,INDIANA,Indiana,2,71.7,53,58,11.2,2.76,0,1,1.6,62.1,36,0,11,5.3,64,2,23,190,71.5,78,75.6,66.8,1,0,68,0,9.1,108.3,1.6,1,5,2,2,4,1,1.5,438,7.6,8,125,60,58,35,86,96,133,121,59,129,64,74,51,65,54,52,81,13,100,64,56,74,42,1,34,37,83,115,59,98,1,1,98,83,71,66
Gunner Stockton,157072,QB,GEORGIA,Georgia,2,82.7,52,58,5.1,2.71,2,0,0,69,40,0,17,7,67,3,26,173,72.4,76.2,74.9,65.6,2,0,70,1,0,100.9,0,0,9,0,2,2,0,0,416,7.2,8,34,65,58,194,92,143,143,69,43,108,56,45,31,40,67,56,91,4,100,57,13,90,11,15,34,78,133,133,67,114,180,1,146,1,1,1
MJ Morris,157404,QB,COAST CAR,Coastal Carolina,2,66.7,54,58,8.1,2.33,2,2,3.3,56.9,33,0,13,8.3,62,3,16,141,72.3,48.9,47.4,58.5,0,4,65,0,15.4,39.8,3.2,2,2,0,2,0,6,9.2,265,4.6,8,161,56,58,121,181,62,100,162,76,87,69,45,93,45,201,200,167,61,2,70,56,208,109,15,34,156,3,9,109,186,180,1,117,122,98,103
CJ Bailey,183349,QB,NC STATE,North Carolina State,2,78.8,52,57,9.5,2.86,1,4,6.8,70.2,40,0,20,2.4,63,1,26,248,73.9,79.7,79.7,63.5,2,1,65,0,5,102.8,1.6,1,5,0,2,2,1,1.5,518,9.1,8,66,65,61,79,63,19,42,58,43,164,68,112,31,18,46,34,118,4,41,70,56,86,42,15,34,78,83,115,32,52,132,1,168,69,71,66
Keyone Jenkins,170403,QB,FIU,Florida International,2,68.6,51,57,8.5,2.85,2,1,1.7,57.9,33,0,25,5.7,62,2,18,166,46.9,48,45.2,64.5,0,1,65,1,12,66,4.8,3,2,0,4,0,6,9.2,314,5.5,8,148,70,61,111,68,96,129,153,76,124,69,74,84,176,205,205,99,61,41,70,13,171,109,15,5,156,3,9,101,166,180,1,197,100,131,141
Taylen Green,145996,QB,ARKANSAS,Arkansas,2,79.6,54,57,8.9,2.94,2,2,3.2,71.9,41,0,15,4.7,67,2,38,111,73.3,91.5,84.2,88.6,0,2,72,0,13.3,128,3,2,8,0,1,10,2,2.8,561,9.8,8,61,56,61,99,49,62,102,52,35,141,56,74,2,25,8,23,3,61,19,51,56,37,18,15,65,1,48,88,19,36,180,1,131,108,93,103
Kirk Francis,173296,QB,TULSA,Tulsa,2,66.7,54,56,7.6,1.99,1,1,1.6,60.7,34,0,9,5.6,58,2,16,320,71.6,71,70.9,63,0,1,63,1,11.1,81,1.7,1,1,0,1,2,0,0,320,5.7,8,161,56,64,146,212,96,133,130,71,125,82,74,93,61,102,85,125,61,41,76,13,144,140,15,65,78,133,133,100,160,132,1,87,92,74,66
Jake Retzlaff,70874,QB,TULANE,Tulane,2,75.5,53,56,5.8,2.6,2,1,1.7,55.4,31,0,14,22.5,64,9,19,319,52.8,63,59.3,64.2,0,0,66,1,14.3,80.7,3.1,2,6,1,0,2,2,3,277,4.9,8,92,60,64,185,120,96,129,169,84,17,64,1,79,156,156,156,106,61,100,69,13,146,33,3,124,78,48,84,107,177,180,1,124,116,95,103
Goose Crowder,144781,QB,TROY,Troy,2,72.5,51,55,7.4,2.68,1,3,5.5,60,33,0,12,10.8,66,4,19,318,48.7,66.7,63.9,66.8,0,3,67,1,33.3,81.4,6.1,4,7,0,3,4,3,4.5,367,6.7,8,120,70,66,154,100,35,59,134,76,65,58,24,79,173,133,130,81,61,6,67,13,140,26,15,11,37,27,52,85,129,132,1,109,187,151,165
Jalen Kitna,146688,QB,UAB,UAB,2,86.5,52,55,7.8,2.58,2,0,0,72.7,40,0,12,11.1,57,5,24,321,70.7,82.6,80.4,60.1,0,2,61,1,8.3,113.5,1.8,1,1,0,1,4,4,6.6,551,10,8,18,65,66,139,129,143,143,49,43,57,85,15,43,75,38,31,149,61,19,84,13,66,140,15,65,37,15,33,23,33,180,1,109,80,76,66
Jacob Clark,101628,QB,MO STATE,Missouri State,2,75,52,55,8.9,3.07,0,2,3.4,67.3,37,0,31,5.1,72,2,21,230,50.3,66.5,62.4,64,2,3,75,0,35.5,98,15.3,11,6,0,1,4,3,4,506,9.2,8,94,65,66,99,30,62,99,76,57,131,38,74,64,165,134,138,111,4,6,39,56,102,33,15,65,37,27,61,37,50,1,1,211,195,203,214
Austin Simmons,175891,QB,OLE MISS,Mississippi,2,67.9,53,55,11.5,2.35,0,3,5.4,60,33,0,12,8.3,61,3,24,226,49.3,59.7,56,64.2,1,4,63,0,8.3,83.6,1.6,1,5,0,1,3,5,7.9,576,10.5,8,157,60,66,29,178,35,60,134,76,87,73,45,43,169,170,167,106,13,2,76,56,134,42,15,65,55,9,19,18,28,1,1,109,80,71,66
Drew Pyne,122910,QB,BOWL GREEN,Bowling Green,2,79.2,53,55,3.8,2.43,0,1,1.7,74.5,41,0,20,2.4,65,1,16,122,70.9,62.9,62.1,58.7,1,0,68,1,30,99.3,9.2,6,4,1,0,1,0,0,383,7,8,62,60,66,203,167,96,129,39,35,164,62,112,93,73,157,139,163,13,100,64,13,97,66,3,124,107,133,133,82,119,1,1,168,184,188,203
Jayden Denegal,158533,QB,S DIEGO ST,San Diego State,2,60.8,51,55,13.1,2.86,3,4,7,50.9,28,0,20,9.7,61,3,15,284,72.8,65.2,65.6,57.8,0,0,63,0,15,82.4,4.9,3,3,0,1,2,4,6.3,340,6.2,8,189,70,66,17,63,19,39,185,104,75,73,45,101,34,144,118,171,61,100,76,56,137,86,15,65,78,15,36,94,142,208,1,168,121,135,141
Bryce Underwood,198795,QB,MICHIGAN,Michigan,2,72.5,51,55,8.8,2.49,2,0,0,54.5,30,0,14,18.9,60,7,16,222,70.7,62.9,59.6,64.9,1,0,62,0,21.4,83.4,5,3,1,0,1,1,1,1.6,393,7.1,8,120,70,66,103,148,143,143,173,88,27,76,5,93,75,157,151,95,13,100,81,56,135,140,15,65,107,83,113,77,116,180,1,124,150,137,141
Zach Calzada,98006,QB,KENTUCKY,Kentucky,2,60.8,51,53,11.3,3,0,1,1.7,47.2,25,0,19,19.4,58,6,8,202,73.3,48.6,42.9,67.4,0,1,64,1,10.5,51.9,3.4,2,3,0,2,0,2,3.1,234,4.4,8,189,70,73,30,39,96,129,195,110,25,82,7,135,25,203,206,78,61,41,73,13,196,86,15,34,156,48,81,114,190,1,1,160,91,103,103
Luke Altmyer,146802,QB,ILLINOIS,Illinois,2,80.4,51,53,9.1,2.64,0,2,3.3,73.6,39,0,23,4.9,62,2,28,187,71.6,72.7,74.2,58.1,0,0,70,1,26.1,141.5,9.7,6,3,0,2,6,0,0,513,9.7,8,44,70,73,94,111,62,100,46,49,137,69,74,22,61,88,66,170,61,100,57,13,17,86,15,34,10,133,133,33,42,1,1,186,173,192,203
Carson Beck,124010,QB,MIAMI FL,Miami (FL),2,82.7,52,53,7.9,2.27,1,2,3.6,77.4,41,0,8,4.7,55,2,25,220,70.2,74.6,74.8,61.8,0,0,59,1,12.5,128.3,1.8,1,1,0,0,4,0,0,466,8.8,8,34,65,73,134,192,62,95,27,35,141,88,74,38,86,76,59,138,61,100,92,13,36,140,15,124,37,133,133,52,56,132,1,81,102,76,66
Conner Harrell,156352,QB,CHARLOTTE,Charlotte,2,68.8,48,53,9.4,2.96,1,1,1.8,56.6,30,0,21,9.1,59,3,15,136,47.4,63.3,63.4,58.9,1,1,62,0,4.8,69.9,1.7,1,5,0,3,1,2,3.2,282,5.3,8,147,81,73,82,45,96,127,164,88,79,79,45,101,175,154,133,160,13,41,81,56,162,42,15,11,107,48,78,106,170,132,1,172,68,74,66
Brayden Fowler-Nicolosi,157207,QB,COLO STATE,Colorado State,2,60.8,51,53,9.5,2.67,0,1,1.8,54.7,29,0,18,6.5,60,2,20,144,45.3,55.7,52.1,66.9,0,2,69,0,11.1,61.7,3.3,2,4,0,2,1,3,4.7,298,5.6,8,189,70,73,79,103,96,127,171,97,116,76,74,71,182,188,185,80,61,19,61,56,181,66,15,34,107,27,50,104,161,1,1,155,92,101,103
Kevin Jennings,158272,QB,SMU,SMU,2,81.6,49,52,8.3,3.17,1,3,5.3,73.1,38,0,19,5,65,2,22,287,29,60,58.6,59.3,1,2,70,1,26.3,123.5,7.7,5,8,0,1,5,6,8.6,555,10.7,8,40,79,78,115,21,35,63,48,51,132,62,74,58,203,169,159,157,13,19,57,13,45,18,15,65,19,3,15,20,25,132,1,160,174,176,189
Aidan Chiles,173727,QB,MICH STATE,Michigan State,2,77.6,49,52,11.8,3.37,0,2,3.6,69.2,36,0,25,5.3,66,2,26,223,29.6,73.4,63.6,78.2,1,0,70,0,32,122.8,12.1,8,5,0,2,5,2,2.9,386,7.4,8,75,79,78,27,8,62,95,67,59,129,58,74,31,199,84,132,12,13,100,57,56,46,42,15,34,19,48,86,81,104,1,1,197,186,198,211
Hunter Watson,183993,QB,SM HOUSTON,Sam Houston State,2,70.2,47,52,7.4,2.94,1,0,0,57.7,30,0,26,9.1,68,3,15,281,73.1,56.6,56,60.3,1,1,74,1,15.4,67,5.9,4,12,0,3,0,2,2.7,310,6,8,136,85,78,154,49,143,143,154,88,79,50,45,101,29,185,167,147,13,41,45,13,169,1,15,11,156,48,89,102,149,132,1,200,122,149,165
Tucker Gleason,122475,QB,TOLEDO,Toledo,2,72.9,48,52,10.2,2.91,1,3,5.4,57.7,30,0,22,14.3,59,5,20,316,30.3,79.3,80.8,58.9,1,1,63,0,13.6,95.4,5.1,3,4,0,2,3,2,3.2,425,8.2,8,117,81,78,61,56,35,60,154,88,35,79,15,71,198,49,30,160,13,41,76,56,106,66,15,34,55,48,78,64,75,132,1,176,113,138,141
Eli Holstein,172381,QB,PITTSBURGH,Pittsburgh,2,74,50,51,10,2.68,1,2,3.7,70.6,36,0,15,2.7,58,1,28,268,72.2,73.4,66.6,75.8,0,2,61,0,13.3,126.6,3.4,2,4,0,0,8,3,4.9,519,10.2,8,110,77,82,63,100,62,93,57,59,161,82,112,22,49,84,113,15,61,19,84,56,39,66,15,124,5,27,47,30,31,132,1,131,108,103,103
DJ Lagway,184426,QB,FLORIDA,Florida,2,80,50,51,7.5,2.69,0,2,3.8,74.5,38,0,8,5,59,2,18,163,70.3,74.3,72.4,65.9,1,1,61,0,37.5,110.7,5.1,3,5,0,0,4,1,1.6,350,6.9,8,45,77,82,152,97,62,90,39,51,132,79,74,84,84,78,78,88,13,41,84,56,71,42,15,124,37,83,113,92,121,1,1,81,200,138,141
Robby Ashford,131702,QB,WAKE,Wake Forest,2,77.1,48,50,7.7,2.97,0,2,3.6,66,33,0,12,10.8,62,4,20,339,54.6,68.5,70.3,61,0,1,68,1,33.3,92.5,6.5,4,7,0,2,1,2,2.9,445,8.9,8,78,81,84,143,42,62,95,89,76,65,69,24,71,152,124,89,143,61,41,64,13,119,26,15,34,107,48,86,57,53,1,1,109,187,158,165
Demond Williams Jr.,183648,QB,WASHINGTON,Washington,2,76.6,47,49,9,2.96,1,2,4.1,69.4,34,0,24,5.6,64,2,26,340,72.5,83.7,76.9,75.5,0,0,64,0,12.5,114.3,4.7,3,12,0,1,2,0,0,480,9.8,8,81,85,85,96,45,62,88,65,71,125,64,74,31,38,34,46,16,61,100,73,56,60,1,15,65,78,133,133,43,36,132,1,192,102,128,141
Devon Dampier,171556,QB,UTAH,Utah,2,83,47,49,8.6,2.8,0,1,2,77.6,38,0,14,2.6,57,1,22,328,73.8,81.2,74.8,74.9,1,0,60,0,7.1,134.5,1.8,1,7,1,0,5,0,0,398,8.1,8,33,85,85,108,78,96,126,26,51,162,85,112,58,19,42,59,20,13,100,87,56,27,26,3,124,19,133,133,74,78,1,1,124,74,76,66
Brendan Sorsby,156398,QB,CINCINNATI,Cincinnati,2,69.8,43,48,10.7,2.81,2,4,7.8,60.4,29,0,10,3.3,57,1,21,138,74.5,85.6,74.9,80.8,0,1,60,0,0,99.2,0,0,8,0,3,3,1,1.7,399,8.3,8,140,97,87,48,75,19,31,133,97,153,85,112,64,13,24,56,7,61,41,87,56,98,18,15,11,55,83,109,73,68,180,1,93,1,1,1
Ryan Browne,174949,QB,PURDUE,Purdue,2,76.1,46,48,12.4,2.99,0,3,5.8,64.6,31,0,16,11.4,54,4,26,273,73.2,83.9,80.3,72.6,1,1,59,0,6.3,115.4,1.9,1,5,0,1,4,1,1.7,465,9.7,8,87,88,87,20,41,35,56,99,84,56,93,24,31,28,33,33,31,13,41,92,56,58,42,15,65,37,83,109,53,42,1,1,140,72,79,66
Brendon Lewis,131687,QB,MEMPHIS,Memphis,2,87.5,48,48,6.8,2.65,0,3,5.9,79.2,38,0,17,9.5,54,4,21,218,74,90.5,90.5,69.5,0,1,58,0,5.9,99.2,1.9,1,5,0,0,1,1,1.7,395,8.2,8,16,81,87,170,108,35,51,20,51,76,93,24,64,16,10,7,55,61,41,95,56,98,42,15,124,107,83,109,76,75,1,1,146,71,79,66
Miller Moss,70727,QB,LOUISVILLE,Louisville,2,72.7,44,47,9.8,2.74,0,3,5.7,63.8,30,0,15,6.3,53,2,18,210,70.5,84.8,83.2,70.9,1,2,60,1,20,84.9,5.7,3,2,0,2,2,1,1.7,374,8,8,118,92,90,68,88,35,57,109,88,119,98,74,84,79,28,25,44,13,19,87,13,131,109,15,34,78,83,109,83,79,1,1,131,141,144,141
Behren Morton,144747,QB,TEXAS TECH,Texas Tech,2,78.3,46,47,9.4,2.39,0,3,6.3,74.5,35,0,5,2.8,48,1,21,315,69.7,87.8,85.8,63.2,0,0,50,0,0,144.9,0,0,1,0,1,7,0,0,465,9.9,8,70,88,90,82,170,35,47,39,65,160,108,112,64,88,18,18,124,61,100,108,56,13,140,15,65,7,133,133,53,35,1,1,66,1,1,1
Alonza Barnett III,156710,QB,JAMES MAD,James Madison,2,69.8,43,47,7,2.49,2,0,0,61.7,29,0,19,3.3,52,1,10,197,27.6,46.7,40.9,67.6,1,0,60,0,26.3,88.3,9.6,5,0,0,1,2,3,5.2,232,4.9,8,140,97,90,164,148,143,143,123,97,153,99,112,123,208,207,208,75,13,100,87,56,124,178,15,65,78,27,45,117,177,180,1,160,174,191,189
Danny O'Neil,184200,QB,WISCONSIN,Wisconsin,2,76.1,46,46,6.5,2.72,0,2,4.2,76.1,35,0,16,0,54,0,22,349,72.3,70.9,67.2,70.1,0,2,56,1,25,112.9,7.4,4,4,0,0,4,2,3.6,403,8.8,8,87,88,93,174,90,62,85,32,65,171,93,171,58,45,103,110,50,61,19,98,13,67,66,15,124,37,48,67,71,56,1,1,140,163,170,165
Brad Jackson,184354,QB,TEXAS ST,Texas State,2,73.8,42,46,12,2.3,2,4,7.8,65.2,30,0,9,3.2,52,1,17,314,52.1,72.9,63,74.7,0,1,57,0,22.2,128.9,3.8,2,3,0,2,5,3,5.3,500,10.9,8,111,101,93,23,187,19,31,93,88,157,99,112,90,158,87,137,22,61,41,96,56,33,86,15,34,19,27,42,39,20,180,1,87,152,111,103
Noah Fifita,158722,QB,ARIZONA,Arizona,2,79.1,43,46,10.9,3.35,1,5,10.4,65.2,30,0,22,11.8,55,4,20,109,71.5,86.9,86,67.5,0,0,60,1,18.2,144.4,7.3,4,5,0,2,6,0,0,534,11.6,8,64,97,93,43,10,11,20,93,88,54,88,24,71,65,22,16,76,61,100,87,13,14,42,15,34,10,133,133,25,17,132,1,176,131,168,165
Nicco Marchiol,157363,QB,W VIRGINIA,West Virginia,2,75,44,46,8.3,2.69,1,2,4.2,69.6,32,0,17,3,55,1,14,343,74.7,73.1,67.5,69,0,1,57,0,35.3,93.5,10.9,6,3,0,1,1,0,0,389,8.5,8,94,92,93,115,97,62,85,62,81,158,88,112,108,12,86,108,63,61,41,96,56,114,86,15,65,107,133,133,79,63,132,1,146,194,196,203
Tayven Jackson,157615,QB,UCF,UCF,2,70.5,44,45,10.8,2.82,0,4,8.9,64.4,29,0,11,6.5,49,2,16,323,37.3,73.6,69.3,71.2,1,0,49,0,36.4,114.2,8.2,4,0,0,0,2,3,6.1,471,10.5,8,135,92,97,44,73,19,24,102,97,116,106,74,93,191,82,97,42,13,100,110,56,62,178,15,124,78,27,40,48,28,1,1,98,196,180,165
Conner Weigman,158683,QB,HOUSTON,Houston,2,68.2,44,45,8.9,3.04,1,2,4.2,64.4,29,0,23,3.3,55,1,18,182,45.9,56.2,55.3,58.2,0,0,59,0,17.4,117.4,7.3,4,6,0,0,4,2,3.4,345,7.7,8,155,92,97,99,33,62,85,102,97,153,88,112,84,181,187,176,169,61,100,92,56,54,33,15,124,37,48,73,93,93,132,1,186,130,168,165
Jackson Arnold,173684,QB,AUBURN,Auburn,2,83.3,42,45,7.4,2.93,1,1,2.2,77.8,35,0,13,0,61,0,21,115,27.7,79.2,67.4,78.5,0,0,64,0,38.5,122.1,8.2,5,11,0,2,3,2,3.1,359,8,8,29,101,97,154,52,96,122,24,65,171,73,171,64,207,50,109,10,61,100,73,56,47,5,15,34,55,48,81,90,79,132,1,117,201,180,189
Colton Joseph,172283,QB,DOMINION,Old Dominion,2,66.7,45,45,11.9,3.03,0,1,2.1,64.4,29,0,13,3.3,52,1,21,263,49.8,81.9,71.9,80.1,0,3,54,0,23.1,83.7,5.8,3,4,0,0,3,2,3.7,361,8,8,161,91,97,25,34,96,125,102,97,153,99,112,64,167,40,81,8,61,6,103,56,133,66,15,124,55,48,66,88,79,1,1,117,157,147,141
Kaidon Salter,132046,QB,COLORADO,Colorado,2,76.2,42,44,9.2,3.16,0,1,2.3,68.2,30,0,22,6.3,55,2,19,143,73.4,65.8,58.2,69.5,1,0,56,1,9.1,91.2,3.6,2,8,0,1,1,2,3.6,261,5.9,8,85,101,101,89,22,96,120,72,88,119,88,74,79,24,138,162,55,13,100,98,13,121,18,15,65,107,48,67,110,155,1,1,176,83,106,103
Dante Moore,173983,QB,OREGON,Oregon,2,81.4,43,44,7.4,2.6,0,2,4.3,77.3,34,0,7,2.9,46,1,20,264,70.8,80.3,77.7,68.6,0,0,49,0,0,151.4,0,0,2,0,1,6,0,0,479,10.9,8,41,97,101,154,120,62,79,28,71,159,113,112,71,74,45,43,67,61,100,110,56,9,109,15,65,10,133,133,45,20,1,1,75,1,1,1
Drake Lindsey,184727,QB,MINNESOTA,Minnesota,2,65.9,44,44,11.3,2.81,0,2,4.4,61.4,27,0,15,6.9,47,2,23,225,70.3,89.6,90,64.7,0,1,48,1,13.3,107.2,4.3,2,1,0,0,3,1,2.1,430,9.8,8,174,92,101,30,75,62,78,126,105,109,111,74,51,84,13,11,98,61,41,113,13,77,140,15,124,55,83,104,61,36,1,1,131,108,118,103
Brandon Rose,158503,QB,UMASS,Massachusetts,2,75,40,44,7,2.79,1,1,2.2,61.4,27,0,17,10,50,3,13,216,40.1,43,49.6,39.6,1,1,52,0,11.8,64.3,4,2,4,0,2,0,4,7.7,217,4.9,8,94,105,101,164,80,96,122,126,105,70,103,45,110,189,211,192,212,13,41,107,56,177,66,15,34,156,15,20,120,177,132,1,146,97,113,103
Diego Pavia,156927,QB,VANDERBILT,Vanderbilt,2,76.2,42,43,11.1,2.37,0,6,12,74.4,32,0,11,0,48,0,24,333,74.4,92.1,92.4,73.2,0,1,55,2,9.1,138.5,2.1,1,4,0,1,5,2,3.6,468,10.9,8,85,101,105,39,176,7,12,42,81,171,108,171,43,14,6,5,27,61,41,101,2,23,66,15,65,19,48,67,50,20,1,1,98,83,81,66
Jayden Maiava,158135,QB,USC,USC,2,82.5,40,42,9.4,2.78,1,1,2.3,73.8,31,0,10,6.1,43,2,23,326,70.5,90.3,90.5,61.6,0,0,44,0,0,155.3,0,0,1,0,1,6,0,0,707,16.8,8,36,105,106,82,83,96,120,44,84,122,119,74,51,79,11,7,139,61,100,121,56,6,140,15,65,10,133,133,5,3,132,1,93,1,1,1
Gavin Wimsatt,155757,QB,JVILLE ST,Jacksonville State,2,68.4,38,41,8.1,2.38,1,1,2.2,51.2,21,0,8,19.2,45,5,8,196,75.8,66.1,55.4,73.6,1,1,49,1,25,54,4.4,2,2,0,1,0,2,4.1,191,4.7,8,150,107,107,121,171,96,122,184,117,26,114,15,135,6,136,175,25,13,41,110,13,191,109,15,65,156,48,60,126,183,132,1,81,163,121,103
Josh Holst,171312,QB,N ILLINOIS,Northern Illinois,2,78.4,37,40,4.7,3.12,0,0,0,65,26,0,22,10.3,54,3,13,254,72,55.4,59.4,53.2,0,1,56,1,18.2,65.8,7.4,4,10,0,3,0,1,1.8,192,4.8,8,69,109,108,197,25,143,143,96,109,69,93,45,110,50,190,155,203,61,41,98,13,172,8,15,11,156,83,108,125,181,1,1,176,131,170,165
Ta'Quan Roberson,101625,QB,BUFFALO,Buffalo,2,62.2,37,40,11.2,2.59,2,3,7.5,55,22,0,11,4.3,47,1,11,126,72.7,64.5,61.9,61.3,0,1,48,0,18.2,79.2,4.3,2,5,0,1,2,1,2.1,240,6,8,185,109,108,35,124,35,33,170,116,145,111,112,113,35,147,140,140,61,41,113,56,149,42,15,65,78,83,104,113,149,180,1,98,131,118,103
Dequan Finn,97804,QB,MIAMI OH,Miami (OH),2,63.2,38,40,11.7,3.08,0,2,4.3,57.5,23,0,23,4.2,54,1,14,221,73,60.6,52,72.9,1,3,62,1,21.7,53.5,9.3,5,9,0,1,0,3,4.8,334,8.4,8,179,107,108,28,26,62,79,157,113,147,93,112,108,30,165,186,29,13,6,81,13,193,11,15,65,156,27,49,99,67,1,1,186,151,189,189
Mark Gronowski,138303,QB,IOWA,Iowa,2,68.6,35,39,6.1,3.46,0,0,0,53.8,21,0,17,12.5,50,3,11,192,50.7,69,61.6,69.3,1,1,53,0,23.5,58.4,8,4,7,0,3,1,1,1.9,127,3.3,8,148,115,111,181,5,143,143,175,117,47,103,45,113,162,120,142,61,13,41,105,56,186,26,15,11,107,83,107,147,202,1,1,146,159,179,165
Zane Flores,174288,QB,OKLA STATE,Oklahoma State,2,63.9,36,39,8.3,2.5,2,2,5,51.3,20,0,11,13,45,3,11,262,70.7,56.7,51.7,66.2,0,2,47,0,36.4,45.1,8.9,4,2,0,1,0,3,6.4,203,5.2,8,177,112,111,115,146,62,68,183,122,43,114,45,113,75,184,187,84,61,19,115,56,201,109,15,65,156,27,35,122,172,180,1,98,196,185,165
Julian Sayin,183708,QB,OHIO STATE,Ohio State,2,91.7,36,38,7.1,2.61,0,1,2.5,78.9,30,0,5,9.1,39,3,16,260,71.2,77.6,79.3,55.5,0,1,43,0,20,139.8,2.6,1,0,0,2,5,1,2.4,406,10.7,8,8,112,113,162,119,96,118,22,88,79,124,45,93,70,58,38,189,61,41,122,56,19,178,15,34,19,83,96,69,25,1,1,66,141,85,66
Trey Kukuk,198675,QB,LA TECH,Louisiana Tech,2,81.8,33,38,3.2,2.25,2,0,0,65.8,25,0,11,7.4,44,2,7,208,75.3,69.2,64.2,68.1,1,0,45,1,36.4,85.5,9.1,4,2,1,1,1,0,0,181,4.8,8,38,120,113,207,197,143,143,90,110,102,117,74,141,9,116,126,71,13,100,117,13,129,109,3,65,107,133,133,130,181,180,1,98,196,186,165
Bishop Davenport,163426,QB,S ALABAMA,South Alabama,2,86.1,36,38,7.6,2.33,1,1,2.4,76.3,29,0,9,6.5,42,2,16,288,26.3,54.5,50.4,60.3,0,0,45,1,33.3,144.3,7.1,3,1,0,1,4,4,8.9,397,10.4,8,19,112,113,146,181,96,119,31,97,116,120,74,93,212,192,189,147,61,100,117,13,15,140,15,65,37,15,13,75,30,132,1,87,187,165,141
LaNorris Sellers,174326,QB,S CAROLINA,South Carolina,2,73.5,34,38,9.4,3.31,2,2,5.1,60.5,23,0,14,8,49,2,16,289,48.8,71.9,66.5,69.2,0,0,50,2,42.9,107,12.2,6,5,0,2,2,1,2,337,8.9,8,114,118,113,82,11,62,66,132,113,95,106,74,93,172,95,114,62,61,100,108,2,78,42,15,34,78,83,106,97,53,180,1,124,203,199,203
Bear Bachmeier,203434,QB,BYU,BYU,2,75.7,37,38,8.9,2.3,0,2,5.1,63.2,24,0,12,14.3,44,4,15,128,73.5,73.8,73,64.3,1,0,45,0,25,110.9,6.8,3,3,0,0,3,0,0,272,7.2,8,89,109,113,99,187,62,66,112,112,35,117,24,101,22,81,73,102,13,100,117,56,70,86,15,124,55,133,133,108,114,1,1,109,163,162,141
Aidan Armenta,175731,QB,LA MONROE,Louisiana-Monroe,2,65.7,35,37,10.7,2.8,0,2,5,54.1,20,0,10,13,41,3,10,209,36.7,71.6,70.2,62.6,1,2,45,0,20,48.7,4.9,2,2,0,1,1,2,4.4,134,3.6,8,175,115,118,48,78,62,68,174,122,43,122,45,123,192,98,91,129,13,19,117,56,199,109,15,65,107,48,55,140,199,1,1,93,141,135,103
Chubba Purdy,122412,QB,NEVADA,Nevada,2,67.6,34,36,8.1,3.18,0,3,7.9,52.8,19,0,16,17.4,51,4,15,239,75.8,69.1,65.1,65.8,1,3,53,0,18.8,39.2,5.9,3,12,0,1,0,2,3.8,241,6.7,8,159,118,119,121,20,35,30,179,126,30,102,24,101,6,118,122,89,13,6,105,56,213,1,15,65,156,48,64,112,129,1,1,140,137,149,141
Josh Hoover,127148,QB,TCU,TCU,1,80,35,36,6.1,2.46,0,1,2.6,75,27,0,6,3.6,37,1,17,305,69,79.2,79.7,57.3,0,1,40,0,0,104.4,0,0,1,0,1,2,1,2.5,284,7.9,157,45,115,119,181,157,96,117,34,105,150,125,112,90,96,50,34,176,61,41,125,56,82,140,15,65,78,83,92,105,88,1,1,72,1,1,1
Gio Lopez,172309,QB,N CAROLINA,North Carolina,2,72.7,33,35,10.7,2.94,1,4,11.1,60,21,0,14,12.5,45,3,11,245,50.8,83.7,73.9,78.5,0,1,46,0,14.3,76.5,4.4,2,8,0,1,1,1,2.2,225,6.4,8,118,120,121,48,49,19,16,134,117,47,114,45,113,161,34,67,10,61,41,116,56,154,18,15,65,107,83,102,118,135,132,1,124,116,121,103
Evan Simon,129906,QB,TEMPLE,Temple,2,87.9,33,35,10.5,2.64,1,3,8.6,77.1,27,0,7,6.9,42,2,25,306,71.2,92.2,92.7,66.1,0,0,42,0,28.6,156.2,4.8,2,5,0,1,9,0,0,422,12.1,8,15,120,121,55,111,35,25,29,105,109,120,74,38,70,5,4,85,61,100,123,56,5,42,15,65,3,133,133,65,15,132,1,75,181,131,103
Dexter Williams II,129457,QB,KENNESAW,Kennesaw State,2,50,30,35,11.2,2.83,1,1,2.8,37.1,13,0,18,13.3,40,2,7,200,71.9,51.3,46,61.9,1,0,42,0,0,50.7,0,0,5,0,3,0,1,2.4,148,4.2,8,206,123,121,35,72,96,115,207,136,40,123,74,141,52,197,203,137,13,100,123,56,198,42,15,11,156,83,96,137,192,132,1,155,1,1,1
Kiael Kelly,145634,QB,BALL ST,Ball State,2,70,30,32,5.6,3.08,0,0,0,62.5,20,0,24,4.8,50,1,8,117,28.1,45.7,34.3,66.1,1,0,54,2,45.8,74.7,22,11,7,0,1,0,3,5.6,158,4.9,8,137,123,124,186,26,143,143,113,122,138,103,112,135,206,208,213,85,13,100,103,2,156,26,15,65,156,27,41,134,177,1,1,192,205,212,214
Mabrey Mettauer,183668,QB,SM HOUSTON,Sam Houston State,2,70,30,32,4.9,3.08,0,0,0,62.5,20,1,15,4.8,48,1,9,281,44.6,51.1,57.1,51.2,0,2,55,2,33.3,61.6,10.4,5,10,0,2,1,2,3.6,177,5.5,8,137,123,124,196,26,143,143,113,122,138,108,112,130,185,198,164,208,61,19,101,2,182,8,15,34,107,48,67,131,166,1,213,131,187,195,189
CJ Carr,184093,QB,NOTRE DAME,Notre Dame,1,75,28,32,4.3,2.45,1,1,3,59.4,19,0,10,9.5,35,2,11,258,71.7,68.6,70.3,58.7,0,1,36,2,10,88.2,2.9,1,2,0,3,2,0,0,221,6.9,157,94,127,124,199,159,96,109,148,126,76,126,74,113,57,123,89,163,61,41,128,2,125,109,15,11,78,133,133,119,121,132,1,93,89,88,66
Zion Turner,158636,QB,MARSHALL,Marshall,2,66.7,30,31,9.6,2.59,1,1,3.1,61.3,19,0,11,5,33,1,7,214,72.4,72.3,68.9,70.3,0,1,34,1,9.1,64.3,3,1,1,0,0,0,0,0,183,5.9,8,161,123,127,77,124,96,105,128,126,132,128,112,141,40,92,99,49,61,41,130,13,177,140,15,124,156,133,133,129,155,132,1,98,83,93,66
Brady Jones,200039,QB,W MICHIGAN,Western Michigan,2,51.9,27,30,11.3,2.64,1,1,3.2,43.3,13,0,13,7.1,33,1,5,347,20.8,37.8,37.8,54,0,1,34,2,15.4,39.4,6.1,2,1,0,2,0,4,11.8,109,3.6,8,205,129,128,30,111,96,102,200,136,105,128,112,153,215,212,212,197,61,41,130,2,212,140,15,34,156,15,6,151,199,132,1,117,122,151,103
T.J. Finley,124093,QB,GA STATE,Georgia State,1,75,28,29,7.2,2.6,0,0,0,72.4,21,0,16,0,33,0,11,175,69.7,36,39,53,0,1,37,1,12.5,76.9,6.1,2,2,0,1,0,3,8.6,201,6.9,157,94,127,129,160,120,143,143,51,117,171,128,171,113,88,214,210,205,61,41,127,13,153,109,15,65,156,27,15,123,121,1,1,140,102,151,103
Daniel Beale,197861,QB,LA LAFAYET,Louisiana,2,68,25,28,6.2,2.76,2,1,2.9,50,14,0,9,17.6,31,3,6,207,68.9,60.1,55.8,67.5,0,0,39,0,11.1,68.5,3.2,1,2,0,1,1,0,0,86,3.1,8,156,132,130,180,86,96,112,187,134,29,131,45,147,97,166,170,76,61,100,126,56,166,109,15,65,107,133,133,161,204,180,1,87,92,98,66
Aaron Philo,183222,QB,GA TECH,Georgia Tech,1,84.6,26,28,9.7,2.27,0,3,10,75,21,0,8,4.5,30,1,11,176,28.8,75.7,76,59.5,1,1,32,0,12.5,113.7,3.3,1,1,0,1,1,2,6.3,368,13.1,157,24,130,130,72,192,35,21,34,117,144,133,112,113,205,70,51,155,13,41,132,56,65,140,15,65,107,48,36,84,12,1,1,81,102,101,66
Cameran Brown,184894,QB,GA STATE,Georgia State,2,69.2,26,26,8,2.88,0,1,3.7,61.5,16,0,14,11.1,31,2,6,175,32.7,62.6,69.3,56.9,0,0,32,2,7.1,91.2,3.2,1,4,0,0,1,0,0,156,6,8,145,130,132,127,59,96,93,124,131,57,131,74,147,196,160,97,179,61,100,132,2,121,66,15,124,107,133,133,136,149,1,1,124,74,98,66
Dru DeShields,176094,QB,KENT STATE,Kent State,2,71.4,21,25,10,2.87,2,2,7.4,52,13,0,14,13.3,30,2,10,201,33.6,70.9,74.8,56.6,0,0,32,0,14.3,111.1,6.7,2,3,0,2,2,1,3.1,234,9.4,8,126,136,133,63,62,62,34,182,136,40,133,74,123,194,103,59,185,61,100,132,56,69,86,15,34,78,83,81,114,46,180,1,124,116,160,103
Tommy Castellanos,158433,QB,FLORIDA ST,Florida State,2,78.3,23,25,13,3.13,0,3,11.5,68,17,0,11,5.6,34,1,11,167,74,81.5,86,64.5,0,0,35,0,9.1,150.4,2.9,1,8,0,2,3,0,0,389,15.6,8,70,134,133,19,24,35,14,74,129,125,127,112,113,16,41,16,99,61,100,129,56,10,18,15,34,55,133,133,79,6,1,1,98,83,88,66
Joe Labas,144847,QB,C MICHIGAN,Central Michigan,2,80,20,24,6.6,2.59,3,0,0,66.7,16,0,10,0,24,0,8,134,29.2,67.2,63.8,64.9,0,0,26,0,0,96.7,0,0,0,0,1,1,0,0,145,6,8,45,139,135,173,124,143,143,77,131,171,141,171,135,201,130,131,95,61,100,140,56,105,178,15,65,107,133,133,138,149,208,1,93,1,1,1
Grant Jordan,151147,QB,UMASS,Massachusetts,2,62.5,24,24,8.4,3.38,0,3,12,62.5,15,0,8,0,30,0,11,216,70.7,80.4,72.5,74.8,0,1,31,0,25,73.4,6.7,2,4,0,0,0,1,3.2,211,8.8,8,181,133,135,112,6,35,12,113,133,171,133,171,113,75,43,77,21,61,41,135,56,158,66,15,124,156,83,78,121,56,1,1,81,163,160,103
Walker Howard,157112,QB,LA LAFAYET,Louisiana,1,61.9,21,23,11.9,2.28,0,0,0,43.5,10,0,4,23.1,25,3,4,207,71.1,43.6,34.1,69,0,1,30,1,25,36.1,4,1,1,0,2,0,2,6.7,88,3.8,157,186,136,137,25,190,143,143,199,145,16,140,45,165,72,210,214,63,61,41,136,13,215,140,15,34,156,48,30,159,197,1,1,56,163,113,66
Kaiden Bennett,147778,QB,DELWARE ST,Delaware State,1,54.5,22,22,8.8,2.71,0,0,0,50,11,0,7,8.3,27,1,9,152,33.4,45.6,41.2,64.2,0,1,29,2,28.6,65.2,7.4,2,3,0,0,1,2,6.9,133,6,157,203,135,138,103,92,143,143,187,144,87,137,112,130,195,209,207,106,61,41,138,2,175,86,15,124,107,48,26,141,149,1,1,75,181,170,103
Chase Jenkins,173242,QB,RICE,Rice,2,81,21,21,1.6,2.23,0,0,0,81,17,0,8,0,28,0,8,275,75.6,49.4,48,54.2,0,1,29,0,50,65.7,14.3,4,3,0,0,0,1,3.4,95,4.5,8,43,136,139,214,199,143,143,12,129,171,136,171,135,8,200,196,195,61,41,138,56,173,86,15,124,156,83,73,157,187,1,1,81,207,201,165
Haynes King,124329,QB,GA TECH,Georgia Tech,1,76.5,17,20,5.6,2.38,1,0,0,60,12,0,6,7.7,21,1,7,176,44.2,64,61.7,62.1,0,1,24,0,0,59,0,0,1,1,1,0,0,0,133,6.7,157,83,142,140,186,171,143,143,134,141,99,146,112,141,186,150,141,133,61,41,143,56,185,140,3,65,156,133,133,141,129,132,1,72,1,1,1
Broc Lowry,173383,QB,W MICHIGAN,Western Michigan,2,91.7,12,20,6.9,3.23,0,1,4.3,50,10,0,11,9.1,27,1,10,347,73.3,60.9,54.6,63.8,0,0,30,0,18.2,95,7.4,2,5,0,8,1,0,0,166,8.3,8,8,152,140,169,16,96,79,187,145,79,137,112,123,25,164,179,112,61,100,136,56,108,42,15,1,107,133,133,133,68,1,1,98,131,170,103
Will Hammond,184898,QB,TEXAS TECH,Texas Tech,2,73.7,19,19,7.8,2.54,0,0,0,73.7,14,0,4,0,22,0,11,315,68,77.4,68.9,75.3,0,0,22,0,0,139.4,0,0,3,0,0,2,1,4.5,186,9.8,8,113,140,142,139,137,143,143,45,134,171,143,171,113,102,60,99,17,61,100,146,56,22,86,15,124,78,83,52,128,36,1,1,56,1,1,1
CJ Montes,146114,QB,KENT STATE,Kent State,2,64.7,17,19,5,2.88,2,1,5.3,52.6,10,0,9,9.1,26,1,6,201,69.5,54,53.3,57.7,0,1,26,0,44.4,72.3,15.4,4,3,0,0,1,0,0,140,7.4,8,176,142,142,195,59,96,63,180,145,79,139,112,147,94,193,182,173,61,41,140,56,160,86,15,124,107,133,133,139,104,180,1,87,204,204,165
Tramell Jones Jr.,200122,QB,FLORIDA,Florida,1,77.8,18,18,9.7,2.71,0,0,0,66.7,12,0,7,14.3,22,2,9,163,68.1,76.4,82.3,53.8,0,0,23,0,0,125,0,0,4,0,0,2,0,0,131,7.3,157,73,141,144,72,92,143,143,77,141,35,143,74,130,101,64,27,199,61,100,144,56,41,66,15,124,78,133,133,143,110,1,1,75,1,1,1
Baylor Hayes,192135,QB,TULSA,Tulsa,1,86.7,15,17,8.1,3.26,0,1,5.9,76.5,13,0,5,0,19,0,9,320,29.2,63.3,55.8,71.3,1,1,19,0,20,93,5.3,1,1,0,1,1,1,5.3,131,7.7,157,17,144,145,121,13,96,51,30,136,171,148,171,130,201,154,170,40,13,41,148,56,115,140,15,65,107,83,42,143,93,1,1,66,141,141,66
Amari Odom,178686,QB,KENNESAW,Kennesaw State,1,66.7,15,16,13.1,2.97,0,3,17.6,62.5,10,0,7,0,22,0,6,200,70.4,69.5,73.4,57.8,0,1,23,0,28.6,74,9.1,2,4,0,1,0,2,8.7,176,11,157,161,144,146,17,42,35,6,113,145,171,143,171,147,81,112,70,171,61,41,144,56,157,66,15,65,156,48,14,132,19,1,1,75,181,186,103
Zach Gibson,100201,QB,FAU,Florida Atlantic,2,46.7,15,15,14.6,2,0,2,13.3,46.7,7,0,1,0,15,0,3,165,66.4,48.8,47.9,0,0,2,15,0,0,24.2,0,0,0,0,0,0,2,13.3,82,5.5,8,212,144,147,14,211,62,9,196,158,171,153,171,173,127,202,197,213,61,19,153,56,216,178,15,124,156,48,5,165,166,1,1,13,1,1,1
Blake Horvath,162555,QB,NAVY,Navy,2,80,15,15,10.4,2.67,0,0,0,80,12,0,2,0,18,0,10,237,75.2,84.9,78.1,74.3,0,0,18,0,0,158.3,0,0,3,0,0,2,0,0,234,15.6,8,45,144,147,58,103,143,143,13,141,171,149,171,123,10,26,41,23,61,100,149,56,1,86,15,124,78,133,133,114,6,1,1,24,1,1,1
Cale Hellums,170981,QB,ARMY,Army,2,75,12,15,5.6,3.19,0,0,0,53.3,8,0,11,11.1,24,1,8,114,79.7,70.7,46,72.9,0,0,25,0,0,81.3,0,0,9,0,3,1,1,4,45,3,8,94,152,147,186,19,143,143,176,152,57,141,112,135,1,107,203,29,61,100,142,56,141,11,15,11,107,83,61,187,205,1,1,98,1,1,1
Husan Longstreet,199411,QB,USC,USC,2,100,14,15,2.6,3.05,0,0,0,86.7,13,0,3,7.1,21,1,9,326,27.3,70.3,57.3,73.7,0,0,22,0,33.3,117.5,4.8,1,5,0,1,1,1,4.5,103,6.9,8,1,149,147,210,32,143,143,6,136,105,146,112,130,210,109,163,24,61,100,146,56,53,42,15,65,107,83,52,153,121,1,1,48,187,131,66
Cole Gonzales,159939,QB,PITTSBURGH,Pittsburgh,1,73.3,15,15,7.7,2.2,0,0,0,53.3,8,0,2,27.3,16,3,2,268,66.5,72,74.9,56.7,0,0,16,0,0,92.9,0,0,1,0,0,1,0,0,87,5.8,157,115,144,147,143,201,143,143,176,152,9,150,45,184,124,94,56,182,61,100,151,56,116,140,15,124,107,133,133,160,158,1,1,24,1,1,1
Grayson Loftis,170054,QB,CHARLOTTE,Charlotte,2,69.2,13,15,16.5,2.89,0,2,12.5,53.3,8,0,3,11.1,16,1,7,136,66.7,69.1,65.7,64.3,1,3,17,0,0,37.5,0,0,1,1,0,0,2,11.8,110,7.3,8,145,150,147,12,57,62,10,176,152,57,150,112,141,119,118,116,102,13,6,150,56,214,140,3,124,156,48,6,150,110,1,1,48,1,1,1
Jake Merklinger,184888,QB,TENNESSEE,Louisville,1,84.6,13,14,10.4,2.65,0,0,0,64.3,9,0,3,18.2,16,2,10,307,66.5,86.5,82,69.5,1,0,16,0,0,130.7,0,0,2,0,0,2,1,6.3,119,8.5,157,24,150,153,58,108,143,143,106,149,28,150,74,123,124,23,28,55,13,100,151,56,30,109,15,124,78,83,36,148,63,1,1,48,1,1,1
Billy Edwards Jr.,144185,QB,WISCONSIN,Wisconsin,1,54.5,11,13,16.6,2.35,1,0,0,46.2,6,0,4,0,13,0,5,349,66.2,54.8,53.9,0,0,0,14,0,0,62.3,0,0,0,0,1,0,0,0,68,5.2,157,203,156,154,11,178,143,143,197,164,171,156,171,153,130,191,181,213,61,100,155,56,180,178,15,65,156,133,133,173,172,132,1,56,1,1,1
Emory Williams,170099,QB,MIAMI FL,Miami (FL),1,75,12,12,8.4,2.56,0,1,8.3,66.7,8,0,2,11.1,14,1,4,220,21.7,68.5,65.7,62.9,0,0,14,0,100,84.4,14.3,2,0,0,0,0,1,7.1,77,6.4,157,94,152,155,112,133,96,26,77,152,57,154,112,165,214,124,116,127,61,100,155,56,132,178,15,124,156,83,25,169,135,1,1,24,211,201,103
Dewayne Coleman,163179,QB,ARMY,Army,1,58.3,12,12,12.3,2.44,0,1,6.7,58.3,7,0,4,0,12,0,6,114,46.1,77.1,69.4,70.9,0,2,15,0,0,55.9,0,0,0,0,0,0,1,6.7,129,10.8,157,201,152,155,21,163,96,43,150,158,171,159,171,147,180,61,96,44,61,19,153,56,190,178,15,124,156,83,30,145,23,1,1,56,1,1,1
Christian Veilleux,145086,QB,GA STATE,Georgia State,1,50,10,11,4.4,2.21,1,0,0,36.4,4,0,4,20,13,1,2,175,68.6,58.1,52.2,64.2,0,1,13,0,0,44.5,0,0,2,0,0,1,1,7.7,52,4.7,157,206,160,157,198,200,143,143,208,179,18,156,112,184,99,175,184,106,61,41,160,56,202,109,15,124,107,83,20,182,183,132,1,56,1,1,1
Joe Pesansky,149434,QB,FIU,Florida International,2,63.6,11,11,8,3.21,0,1,9.1,63.6,7,0,7,0,14,0,3,166,22.1,56.8,49.3,68.4,0,0,14,0,14.3,80.9,7.1,1,2,0,0,0,2,14.3,68,6.2,8,178,156,157,127,17,96,22,110,158,171,154,171,173,213,182,195,69,61,100,155,56,145,109,15,124,156,48,3,173,142,1,1,75,116,165,66
Nick Evers,158082,QB,UCONN,Connecticut,1,81.8,11,11,6.8,2.26,0,0,0,72.7,8,0,0,11.1,11,1,4,146,66.7,69.4,69.8,59.7,0,0,11,0,0,124.4,0,0,0,0,0,1,0,0,83,7.5,157,38,156,157,170,194,143,143,49,152,57,165,112,165,119,114,93,152,61,100,168,56,43,178,15,124,107,133,133,164,100,1,1,1,1,1,1
Max Johnson,124099,QB,N CAROLINA,North Carolina,1,90.9,11,11,9.2,2.33,0,1,9.1,81.8,9,0,4,10,11,1,5,245,65.6,74.1,79.4,60,0,0,11,1,0,136,0,0,0,0,0,1,1,9.1,103,9.4,157,10,156,157,89,181,96,22,11,149,70,165,112,153,139,80,37,150,61,100,168,13,25,178,15,124,107,83,11,153,46,1,1,56,1,1,1
Ryan Staub,171906,QB,COLORADO,Colorado,1,80,10,11,11.1,2.56,0,3,25,63.6,7,1,2,12.5,12,1,4,143,67,89.2,85.5,63.3,0,0,13,1,50,146.8,8.3,1,0,1,0,2,1,7.7,157,14.3,157,45,160,157,39,133,35,3,110,158,47,159,112,165,108,15,19,122,61,100,160,13,12,178,3,124,78,83,20,135,10,1,213,24,207,182,66
JacQai Long,184703,QB,MARSHALL,Marshall,1,50,8,11,9.8,3.38,0,0,0,27.3,3,0,6,25,12,1,1,214,67.7,50.7,49.5,59.2,1,0,12,0,16.7,39.6,8.3,1,0,0,2,0,0,0,19,1.7,157,206,171,157,68,6,143,143,214,193,11,159,112,203,104,199,193,158,13,100,164,56,209,178,15,34,156,133,133,208,213,1,1,72,127,182,66
Austin Mack,171934,QB,ALABAMA,Alabama,1,80,10,10,6.4,2.93,0,0,0,80,8,0,2,0,12,0,6,103,65.8,59.4,64.2,52.9,0,0,12,0,0,139.6,0,0,2,0,0,2,0,0,80,8,157,45,160,163,176,52,143,143,13,152,171,159,171,147,136,171,126,206,61,100,164,56,20,109,15,124,78,133,133,166,79,1,1,24,1,1,1
Jadyn Glasser,184670,QB,C MICHIGAN,Central Michigan,1,77.8,9,10,7.6,2.78,0,0,0,70,7,0,9,0,13,0,5,134,71.6,75.7,67.2,71.3,0,0,14,0,22.2,92.9,15.4,2,1,1,0,0,0,0,78,7.8,157,73,165,163,146,83,143,143,59,158,171,156,171,153,61,70,110,40,61,100,155,56,116,140,3,124,156,133,133,168,92,1,1,87,152,204,103
Hauss Hejny,183824,QB,OKLA STATE,Oklahoma State,1,60,10,10,17.2,2.53,0,1,8.3,50,5,0,3,16.7,11,1,5,262,68.6,74.8,73.1,64.5,0,0,13,0,0,117.1,0,0,1,0,0,1,0,0,96,9.6,157,193,160,163,9,139,96,26,187,172,31,165,112,153,99,75,72,99,61,100,160,56,55,140,15,124,107,133,133,156,44,1,1,48,1,1,1
Gevani McCoy,147609,QB,TEMPLE,Temple,2,90,10,10,2.1,2.33,0,0,0,90,9,0,0,0,12,0,7,306,27.5,64.9,76.7,53.7,0,0,14,0,0,135.4,0,0,2,0,0,1,0,0,85,8.5,8,11,160,163,211,181,143,143,5,149,171,159,171,141,209,145,48,200,61,100,155,56,26,109,15,124,107,133,133,163,63,1,1,1,1,1,1
Ryan Puglisi,184571,QB,GEORGIA,Georgia,2,88.9,9,10,4.3,2.38,1,0,0,60,6,0,2,25,11,2,3,173,66.7,87,87.9,62.4,0,0,11,0,0,111.7,0,0,1,0,0,1,0,0,63,6.3,8,12,165,163,199,171,143,143,134,164,11,165,74,173,119,21,13,131,61,100,168,56,68,140,15,124,107,133,133,177,139,132,1,24,1,1,1
Landyn Locke,199937,QB,SM HOUSTON,Sam Houston State,1,66.7,9,10,6.4,2.82,0,0,0,60,6,0,5,0,11,0,3,281,65.8,36.1,38.2,56.7,0,0,12,0,0,113.8,0,0,1,0,1,1,1,8.3,68,6.8,157,161,165,163,176,73,143,143,134,164,171,165,171,173,136,213,211,182,61,100,164,56,64,140,15,65,107,83,18,173,127,1,1,66,1,1,1
John Alan Richter,156999,QB,TOLEDO,Toledo,1,66.7,9,9,17.1,2.81,0,0,0,55.6,5,0,2,16.7,10,1,4,316,65.6,56.8,65.6,52.8,0,1,11,1,0,67.1,0,0,1,0,0,1,0,0,46,5.1,157,161,165,169,10,75,143,143,167,172,31,171,112,165,139,182,118,207,61,41,168,13,168,140,15,124,107,133,133,185,175,1,1,24,1,1,1
Turner Helton,163044,QB,GA SOUTHRN,Georgia Southern,1,62.5,8,9,8.1,2.44,0,0,0,44.4,4,0,2,20,10,1,2,174,65.6,52.7,55.1,57,0,0,11,0,0,51.6,0,0,1,0,1,0,0,0,24,2.7,157,181,171,169,121,163,143,143,198,179,18,171,112,184,139,195,177,178,61,100,168,56,197,140,15,65,156,133,133,201,208,1,1,24,1,1,1
Daniel Kaelin,183565,QB,VIRGINIA,Virginia,1,50,8,9,8,2.64,0,0,0,33.3,3,0,2,25,9,1,1,335,66.3,57.3,57,59.7,0,0,9,0,0,42.4,0,0,0,0,1,0,0,0,26,2.9,157,206,171,169,127,111,143,143,209,193,11,177,112,203,128,180,165,152,61,100,178,56,203,178,15,65,156,133,133,199,207,1,1,24,1,1,1
Cam Fancher,145266,QB,UCF,UCF,1,62.5,8,9,10.6,3.03,1,0,0,55.6,5,0,3,0,12,0,5,323,66.8,66.4,60.6,66.7,0,0,13,0,0,63.2,0,0,2,0,0,0,0,0,32,3.6,157,181,171,169,52,34,143,143,167,172,171,159,171,153,113,135,148,83,61,100,160,56,179,109,15,124,156,133,133,195,199,132,1,48,1,1,1
Brady Allen,156493,QB,LOUISVILLE,Louisville,1,88.9,9,9,11.1,2.32,0,1,11.1,66.7,6,0,1,25,9,2,2,210,65.1,72.6,72.1,0,0,1,9,0,0,87,0,0,0,0,0,1,1,11.1,69,7.7,157,12,165,169,39,186,96,16,77,164,11,177,74,184,144,90,79,213,61,41,178,56,127,178,15,124,107,83,8,171,93,1,1,13,1,1,1
Ethan Grunkemeyer,183606,QB,PENN STATE,Penn State,1,88.9,9,9,2.7,2.44,0,0,0,77.8,7,0,2,12.5,11,1,5,266,66.7,64.5,65,59.6,0,0,11,0,0,106.5,0,0,2,0,0,0,0,0,86,9.6,157,12,165,169,209,163,143,143,24,158,47,165,112,153,119,147,123,154,61,100,168,56,79,109,15,124,156,133,133,161,44,1,1,24,1,1,1
Rodney Tisdale Jr.,188754,QB,W KENTUCKY,Western Kentucky,1,75,8,8,9.8,2.59,0,0,0,75,6,0,2,0,9,0,5,346,66.8,57.8,55,61.2,0,0,12,0,0,153.1,0,0,1,0,0,1,0,0,94,11.8,157,94,171,175,68,124,143,143,34,164,171,177,171,153,113,178,178,141,61,100,164,56,8,140,15,124,107,133,133,158,16,1,1,24,1,1,1
Zach Marker,173615,QB,DELAWARE,Delaware,1,62.5,8,8,5.6,2.18,0,0,0,37.5,3,0,0,40,9,2,2,151,66.3,69.5,61.6,68.9,0,0,9,0,0,45.8,0,0,1,0,0,0,0,0,21,2.6,157,181,171,175,186,202,143,143,205,193,4,177,74,184,128,112,142,65,61,100,178,56,200,140,15,124,156,133,133,205,209,1,1,1,1,1,1
Matthew Sluka,143059,QB,JAMES MAD,James Madison,2,75,8,8,7.9,2.01,0,1,11.1,62.5,5,0,2,16.7,10,1,1,197,77.1,67,47.7,69.6,0,2,11,0,100,66.7,20,2,0,0,0,1,2,18.2,24,3,8,94,171,175,134,210,96,16,113,172,31,171,112,203,2,131,199,54,61,19,168,56,170,178,15,124,107,48,2,201,205,1,1,24,211,208,103
Blake Baker,170448,QB,LA TECH,Louisiana Tech,1,50,6,8,10.8,2.16,0,0,0,37.5,3,0,5,0,10,0,1,208,69.2,57,39.3,75.2,1,0,11,0,20,96.9,10,1,1,0,1,1,1,9.1,46,5.8,157,206,185,175,44,204,143,143,205,193,171,171,171,203,95,181,209,18,13,100,168,56,104,140,15,65,107,83,11,185,158,1,1,66,141,193,66
Braxton Woodson,175276,QB,NAVY,Navy,1,42.9,7,7,12,2.45,0,0,0,42.9,3,0,2,0,8,0,3,237,70.4,93.3,61,95.8,0,0,8,0,0,53.3,0,0,1,0,0,0,0,0,26,3.7,157,213,178,179,23,159,143,143,201,193,171,183,171,173,81,2,146,1,61,100,184,56,194,140,15,124,156,133,133,199,198,1,1,24,1,1,1
Lincoln Kienholz,170256,QB,OHIO STATE,Ohio State,1,85.7,7,7,5.4,2.44,0,0,0,85.7,6,0,0,0,7,0,5,260,67.1,88.1,79.6,71.9,0,0,7,0,0,148.5,0,0,0,0,0,1,0,0,71,10.1,157,20,178,179,192,163,143,143,7,164,171,186,171,153,107,16,36,36,61,100,188,56,11,178,15,124,107,133,133,170,32,1,1,1,1,1,1
Landon Graves,181155,QB,LA MONROE,Louisiana-Monroe,2,83.3,6,7,19.5,2.74,0,1,14.3,57.1,4,0,3,20,7,1,3,209,65.9,78.6,75.3,63.3,0,0,7,0,0,122,0,0,0,0,1,1,0,0,55,7.9,8,29,185,179,6,88,96,7,158,179,18,186,112,173,132,52,54,122,61,100,188,56,48,178,15,65,107,133,133,180,88,1,1,48,1,1,1
KJ Jackson,184386,QB,ARKANSAS,Arkansas,2,85.7,7,7,7.9,3.25,0,1,12.5,71.4,5,0,2,16.7,10,1,5,111,66.7,85.6,90.5,59.4,0,0,11,0,0,153.3,0,0,3,0,0,1,0,0,106,15.1,8,20,178,179,134,14,96,10,55,172,31,171,112,153,119,24,7,156,61,100,168,56,7,86,15,124,107,133,133,152,8,1,1,24,1,1,1
Josh Johnson,186429,QB,AIR FORCE,Air Force,1,71.4,7,7,21.4,2.97,0,2,28.6,57.1,4,0,2,20,9,1,2,101,67.4,84,85,63.7,0,0,9,0,50,141.4,11.1,1,1,0,0,2,0,0,112,16,157,126,178,179,5,42,62,1,158,179,18,177,112,184,105,32,21,114,61,100,178,56,18,140,15,124,78,133,133,149,4,1,1,24,207,197,66
Miles O'Neill,191260,QB,TEXAS A&M,Texas A&M,2,71.4,7,7,14.7,3.54,0,2,28.6,57.1,4,0,4,20,10,1,2,312,66.5,76,85,53.3,0,1,10,0,25,101.8,10,1,2,0,0,1,0,0,101,14.4,8,126,178,179,13,3,62,1,158,179,18,171,112,184,124,68,21,202,61,41,177,56,88,109,15,124,107,133,133,155,9,1,1,56,163,193,66
TJ Lateef,199810,QB,NEBRASKA,Nebraska,1,85.7,7,7,4.3,3.03,0,0,0,85.7,6,0,1,0,8,0,5,238,66.2,72.7,63.3,70.1,0,0,8,0,0,118.8,0,0,1,0,0,0,0,0,128,18.3,157,20,178,179,199,34,143,143,7,164,171,183,171,153,130,88,135,50,61,100,184,56,49,140,15,124,156,133,133,146,2,1,1,13,1,1,1
George MacIntyre,199971,QB,TENNESSEE,Louisville,1,85.7,7,7,7.1,2.84,0,0,0,85.7,6,0,4,0,7,0,4,307,64.6,72.6,72.1,0,0,0,7,0,0,97.6,0,0,0,0,0,0,0,0,52,7.4,157,20,178,179,162,69,143,143,7,164,171,186,171,165,146,90,79,213,61,100,188,56,103,178,15,124,156,133,133,182,104,1,1,56,1,1,1
Tad Hudson,170107,QB,COAST CAR,Coastal Carolina,2,50,6,6,2,1.92,0,0,0,50,3,0,1,0,6,0,2,141,69.7,64.7,50.8,71,0,0,7,0,0,69.4,0,0,0,0,0,0,0,0,37,6.2,8,206,185,187,212,213,143,143,187,193,171,193,171,184,88,146,188,43,61,100,188,56,163,178,15,124,156,133,133,192,142,1,1,13,1,1,1
AJ Bianco,158232,QB,NEVADA,Nevada,1,66.7,6,6,11.3,2.47,0,0,0,66.7,4,0,4,0,7,0,3,239,65.1,76.8,72.7,64.1,0,0,9,0,0,116.7,0,0,1,0,0,1,0,0,28,4.7,157,161,185,187,30,154,143,143,77,179,171,186,171,173,144,63,75,110,61,100,178,56,57,140,15,124,107,133,133,196,183,1,1,56,1,1,1
Cole Ballard,173062,QB,KANSAS,Kansas,1,60,5,6,11.2,2.79,0,0,0,33.3,2,0,2,33.3,7,1,2,198,70.4,66.9,55.8,68.1,1,0,7,0,0,56.3,0,0,1,0,0,0,0,0,38,6.3,157,193,190,187,35,80,143,143,209,206,5,186,112,184,81,132,170,71,13,100,188,56,188,140,15,124,156,133,133,190,139,1,1,24,1,1,1
Keelon Russell,198077,QB,ALABAMA,Alabama,1,83.3,6,6,7.5,2.6,0,1,14.3,66.7,4,0,0,20,6,1,4,103,65.9,76.4,79.3,58.7,0,0,7,0,0,142.4,0,0,0,0,0,2,0,0,65,10.8,157,29,185,187,152,120,96,7,77,179,18,193,112,165,132,64,38,163,61,100,188,56,16,178,15,124,78,133,133,176,23,1,1,1,1,1,1
Jackson Proctor,148851,QB,N ILLINOIS,Northern Illinois,1,60,5,6,1.8,1.85,1,0,0,33.3,2,0,1,33.3,6,1,0,254,67,51.9,47.8,60.5,0,0,6,0,0,42.4,0,0,0,0,0,0,0,0,8,1.3,157,193,190,187,213,214,143,143,209,206,5,193,112,211,108,196,198,145,61,100,198,56,203,178,15,124,156,133,133,212,214,132,1,13,1,1,1
Trinidad Chambliss,178723,QB,OLE MISS,Mississippi,1,80,5,6,10,2.13,1,0,0,66.7,4,0,0,0,6,0,2,226,71.6,65.5,67.6,60.5,0,0,6,0,0,138.2,0,0,0,0,0,1,0,0,59,9.8,157,45,190,187,63,206,143,143,77,179,171,193,171,184,61,142,106,145,61,100,198,56,24,178,15,124,107,133,133,179,36,132,1,1,1,1,1
Angel Flores,164493,QB,C MICHIGAN,Central Michigan,2,100,5,6,7.2,1.78,0,0,0,83.3,5,0,5,0,9,0,2,134,50.6,56.6,66.9,54.9,0,0,9,0,40,114.6,22.2,2,0,0,1,0,0,0,69,11.5,8,1,190,187,160,215,143,143,10,172,171,177,171,184,163,185,112,191,61,100,178,56,59,178,15,65,156,133,133,171,18,1,1,66,202,213,103
Kai Horton,144418,QB,WASHINGTON,Washington,1,60,5,5,22.2,3.37,0,0,0,60,3,0,1,0,7,0,4,340,65.9,68.1,56.2,70.9,0,0,7,0,0,93.8,0,0,2,0,0,0,1,14.3,50,10,157,193,190,194,4,8,143,143,134,193,171,186,171,165,132,127,166,44,61,100,188,56,112,109,15,124,156,83,3,184,33,1,1,13,1,1,1
Deuce Knight,198161,QB,AUBURN,Auburn,1,60,5,5,5.2,2.33,0,0,0,40,2,0,2,33.3,8,1,3,115,7.9,24.4,20.2,71.4,0,0,8,0,100,52.1,25,2,1,0,0,0,3,37.5,20,4,157,193,190,194,193,181,143,143,202,206,5,183,112,173,216,216,216,38,61,100,184,56,195,140,15,124,156,27,1,206,193,1,1,24,211,214,103
Henry Belin IV,162693,QB,DUKE,Duke,1,40,5,5,25,3.92,0,0,0,40,2,0,1,0,5,0,1,154,65.5,58.1,52.3,63.5,0,0,5,0,0,53.8,0,0,0,0,0,0,0,0,22,4.4,157,214,190,194,3,1,143,143,202,206,171,204,171,203,142,175,183,118,61,100,209,56,192,178,15,124,156,133,133,204,190,1,1,13,1,1,1
Grayson James,145214,QB,BOSTON COL,Boston College,1,100,5,5,26.4,2.72,0,1,20,100,5,0,0,0,5,0,5,121,66.8,95.5,95.2,65.7,0,0,5,0,0,158.3,0,0,0,0,0,1,0,0,190,38,157,1,190,194,1,90,96,4,1,172,171,204,171,153,113,1,1,90,61,100,209,56,1,178,15,124,107,133,133,127,1,1,1,1,1,1,1
Mitch Griffis,123386,QB,TEXAS TECH,Texas Tech,2,80,5,5,5.6,2.45,0,0,0,80,4,0,1,0,6,0,3,315,69.7,80.4,76.3,67.9,0,0,7,0,0,139.6,0,0,1,0,0,1,0,0,40,8,8,45,190,194,186,159,143,143,13,179,171,193,171,173,88,43,50,74,61,100,188,56,20,140,15,124,107,133,133,188,79,1,1,13,1,1,1
Quinn Henicle,190064,QB,DOMINION,Old Dominion,1,60,5,5,10,3.28,0,0,0,60,3,0,1,0,5,0,1,263,69.7,58.6,60,57.6,0,0,7,0,0,68.8,0,0,0,0,0,0,0,0,20,4,157,193,190,194,63,12,143,143,134,193,171,204,171,203,88,172,150,174,61,100,188,56,165,178,15,124,156,133,133,206,193,1,1,13,1,1,1
Mike Wright Jr.,124366,WR,E CAROLINA,East Carolina,1,80,5,5,3.6,2.26,0,0,0,60,3,0,2,25,5,1,0,156,69.9,62.8,60.4,62.5,0,0,5,0,0,64.6,0,0,0,0,0,0,0,0,13,2.6,157,45,190,194,205,194,143,143,134,193,11,204,112,211,87,159,149,130,61,100,209,56,176,178,15,124,156,133,133,210,209,1,1,24,1,1,1
McCae Hillstead,174761,QB,BYU,BYU,1,80,5,5,-2,1.7,0,0,0,80,4,0,0,0,5,0,1,128,66.8,68.9,58.8,68,0,0,5,0,0,94.2,0,0,0,0,0,0,0,0,33,6.6,157,45,190,194,216,216,143,143,13,179,171,204,171,203,113,121,158,73,61,100,209,56,110,178,15,124,156,133,133,193,132,1,1,1,1,1,1
Blaze Berlowitz,171066,QB,VANDERBILT,Vanderbilt,2,60,5,5,10.6,2.16,0,0,0,60,3,0,2,0,5,0,2,333,68.9,65.7,60.8,64.8,0,0,6,0,0,125,0,0,0,0,0,1,0,0,40,8,8,193,190,194,52,204,143,143,134,193,171,204,171,184,97,140,147,97,61,100,198,56,41,178,15,124,107,133,133,188,79,1,1,24,1,1,1
Max Shikenjanski,173421,QB,MINNESOTA,Minnesota,1,100,5,5,8.6,2.47,0,1,20,80,4,0,1,20,6,1,2,225,65.7,77.1,74.3,63,0,0,6,0,100,158.3,16.7,1,0,0,0,1,0,0,80,16,157,1,190,194,108,154,96,4,13,179,18,193,112,184,138,61,63,125,61,100,198,56,1,178,15,124,107,133,133,166,4,1,1,13,211,206,66
Max Cutforth,176220,QB,BOISE ST,Boise State,2,60,5,5,7.4,2.04,0,0,0,60,3,0,0,0,5,0,2,120,66.8,60.1,58.9,59.9,0,0,5,0,0,79.6,0,0,0,0,0,0,0,0,33,6.6,8,193,190,194,154,208,143,143,134,193,171,204,171,184,113,166,157,151,61,100,209,56,148,178,15,124,156,133,133,193,132,1,1,1,1,1,1
Khristian Martin,188254,QB,MARYLAND,Maryland,2,80,5,5,14.6,2.08,0,0,0,20,1,0,2,75,5,3,0,215,67,52.8,46.3,64.3,0,0,6,0,0,39.6,0,0,0,0,0,0,0,0,10,2,8,45,190,194,14,207,143,143,215,213,2,204,45,211,108,194,201,102,61,100,198,56,209,178,15,124,156,133,133,211,211,1,1,24,1,1,1
Alex Manske,198567,QB,IOWA STATE,Iowa State,1,80,5,5,3.4,2.5,0,0,0,80,4,0,0,0,7,0,3,193,67.2,63.5,58.3,63.6,0,0,8,0,0,90,0,0,2,0,0,0,0,0,28,5.6,157,45,190,194,206,146,143,143,13,179,171,186,171,173,106,152,161,116,61,100,184,56,123,109,15,124,156,133,133,196,161,1,1,1,1,1,1
Kevin Sperry,198436,QB,FLORIDA ST,Florida State,1,80,5,5,14.6,2.95,0,0,0,80,4,0,1,0,6,0,3,167,67,67.8,73.2,57.3,0,0,6,0,0,157.1,0,0,1,0,0,2,0,0,61,12.2,157,45,190,194,14,48,143,143,13,179,171,193,171,173,108,128,71,176,61,100,198,56,4,140,15,124,78,133,133,178,14,1,1,13,1,1,1
Julian Lewis,198304,QB,COLORADO,Colorado,1,75,4,4,3.8,2.26,0,0,0,50,2,0,3,33.3,5,1,0,143,67,63.5,68.7,56.9,0,0,6,0,33.3,56.3,20,1,0,0,0,0,0,0,8,2,157,94,208,208,203,194,143,143,187,206,5,204,112,211,108,152,102,179,61,100,198,56,188,178,15,124,156,133,133,212,211,1,1,48,187,208,66
Cole Feuerbacher,171447,QB,MO STATE,Missouri State,1,100,4,4,-3,2.23,0,0,0,100,4,0,1,0,4,0,1,230,66.8,66.7,73.4,55.8,0,0,5,0,0,79.2,0,0,0,0,0,0,0,0,12,3,0,0,0,0,0,0,0,0,0,0,0,0,0,0,0,0,0,0,0,0,0,0,0,0,0,0,0,0,0,0,0,0,0,0,0,0,0
AJ Hairston,184157,QB,UMASS,Massachusetts,1,75,4,4,11.3,3.68,0,0,0,75,3,0,0,0,6,0,2,216,64.2,65.8,64.1,62,0,0,6,0,0,93.8,0,0,2,0,0,0,0,0,28,7,157,94,208,208,30,2,143,143,34,193,171,193,171,184,147,138,128,135,61,100,198,56,112,109,15,124,156,133,133,196,119,1,1,1,1,1,1
Jaylen Henderson,146054,QB,W VIRGINIA,West Virginia,2,25,4,4,18.8,2.84,0,0,0,0,0,0,3,100,5,1,0,343,69.7,77.7,54.1,79.2,0,0,6,0,33.3,39.6,20,1,0,0,0,0,0,0,0,0,8,216,208,208,7,69,143,143,216,216,1,204,112,211,88,57,180,9,61,100,198,56,209,178,15,124,156,133,133,215,215,1,1,48,187,208,66
Deshawn Purdie,184271,QB,WAKE,Wake Forest,1,75,4,4,13.8,2.2,0,1,25,75,3,0,1,0,4,0,2,339,67.8,76.8,77.1,60.8,0,0,4,0,0,147.9,0,0,0,0,0,1,0,0,42,10.5,0,0,0,0,0,0,0,0,0,0,0,0,0,0,0,0,0,0,0,0,0,0,0,0,0,0,0,0,0,0,0,0,0,0,0,0,0
Bert Emanuel Jr.,158581,QB,S DIEGO ST,San Diego State,1,100,3,4,-2.3,2.95,0,0,0,75,3,0,1,0,4,0,1,284,71.1,64.7,53.5,66.2,0,0,5,0,0,94.8,0,0,0,0,1,0,0,0,29,7.3,0,0,0,0,0,0,0,0,0,0,0,0,0,0,0,0,0,0,0,0,0,0,0,0,0,0,0,0,0,0,0,0,0,0,0,0,0
Chaston Ditta,198345,QB,E CAROLINA,East Carolina,1,100,4,4,6.5,1.55,0,0,0,75,3,0,0,25,4,1,2,156,63.3,67.7,67.1,0,0,0,4,0,0,141.7,0,0,0,0,0,1,0,0,36,9,0,0,0,0,0,0,0,0,0,0,0,0,0,0,0,0,0,0,0,0,0,0,0,0,0,0,0,0,0,0,0,0,0,0,0,0,0
Mason Heintschel,199088,QB,PITTSBURGH,Pittsburgh,1,75,4,4,9.8,2.25,0,0,0,75,3,0,0,0,4,0,1,268,63.8,63.3,62.8,0,0,0,5,0,0,102.1,0,0,0,0,0,0,0,0,36,9,0,0,0,0,0,0,0,0,0,0,0,0,0,0,0,0,0,0,0,0,0,0,0,0,0,0,0,0,0,0,0,0,0,0,0,0,0
Byrd Ficklin,199457,QB,UTAH,Utah,1,100,4,4,2.8,2.42,0,0,0,100,4,0,2,0,5,0,2,328,71.7,92.3,74.3,85.8,0,0,5,0,0,118.8,0,0,1,0,0,0,0,0,53,13.3,157,1,208,208,208,169,143,143,1,179,171,204,171,184,57,4,63,4,61,100,209,56,49,140,15,124,156,133,133,181,11,1,1,24,1,1,1
JJ Kohl,174674,QB,APP STATE,Appalachian State,1,75,4,4,10,2.65,0,0,0,50,2,0,1,33.3,4,1,2,108,63.3,71.6,71.2,0,0,0,4,0,0,81.3,0,0,0,0,0,0,0,0,36,9,0,0,0,0,0,0,0,0,0,0,0,0,0,0,0,0,0,0,0,0,0,0,0,0,0,0,0,0,0,0,0,0,0,0,0,0,0
Deuce Adams,190581,QB,LOUISVILLE,Louisville,1,100,3,3,7.7,2.13,0,0,0,66.7,2,0,1,33.3,3,1,1,210,64.8,84.1,81.6,63.2,0,0,3,0,0,86.8,0,0,0,0,0,0,0,0,21,7,0,0,0,0,0,0,0,0,0,0,0,0,0,0,0,0,0,0,0,0,0,0,0,0,0,0,0,0,0,0,0,0,0,0,0,0,0
Tommy Ulatowski,163150,QB,KENNESAW,Kennesaw State,1,66.7,3,3,5.3,1.83,0,0,0,66.7,2,0,1,0,3,0,0,200,62.7,51.2,50.3,0,0,0,3,0,0,70.1,0,0,0,0,0,0,0,0,7,2.3,0,0,0,0,0,0,0,0,0,0,0,0,0,0,0,0,0,0,0,0,0,0,0,0,0,0,0,0,0,0,0,0,0,0,0,0,0
Malachi Singleton,172426,QB,PURDUE,Purdue,1,66.7,3,3,13,3.43,0,0,0,66.7,2,0,2,0,3,0,2,273,68.8,71.1,65.1,66.1,0,0,3,0,0,97.9,0,0,0,0,0,0,0,0,29,9.7,0,0,0,0,0,0,0,0,0,0,0,0,0,0,0,0,0,0,0,0,0,0,0,0,0,0,0,0,0,0,0,0,0,0,0,0,0
Luke Moga,184857,QB,OREGON,Oregon,1,66.7,3,3,6.3,2.35,0,0,0,66.7,2,0,0,0,4,0,2,264,65.5,77.9,59.2,77.1,0,0,5,0,0,109.7,0,0,1,0,0,0,0,0,53,17.7,0,0,0,0,0,0,0,0,0,0,0,0,0,0,0,0,0,0,0,0,0,0,0,0,0,0,0,0,0,0,0,0,0,0,0,0,0
Jayden Sauray,162802,QB,DELWARE ST,Delaware State,1,66.7,3,3,2.7,3.13,0,0,0,66.7,2,0,1,0,3,0,1,152,66.4,28.6,28.5,54.1,0,1,3,0,0,37.5,0,0,0,0,0,0,1,33.3,14,4.7,0,0,0,0,0,0,0,0,0,0,0,0,0,0,0,0,0,0,0,0,0,0,0,0,0,0,0,0,0,0,0,0,0,0,0,0,0
Isaiah Marshall,183809,QB,KANSAS,Kansas,1,100,3,3,7.3,3.35,0,0,0,100,3,0,1,0,4,0,2,198,21,67.2,70,60.3,0,0,4,0,0,105.6,0,0,1,0,0,0,0,0,28,9.3,0,0,0,0,0,0,0,0,0,0,0,0,0,0,0,0,0,0,0,0,0,0,0,0,0,0,0,0,0,0,0,0,0,0,0,0,0
Carlos Del Rio-Wilson,146687,QB,MARSHALL,Marshall,1,66.7,3,3,0.7,2.5,0,0,0,66.7,2,0,2,0,4,0,0,214,67.8,57.4,56.6,59.4,0,0,4,0,0,71.5,0,0,1,0,0,0,0,0,10,3.3,0,0,0,0,0,0,0,0,0,0,0,0,0,0,0,0,0,0,0,0,0,0,0,0,0,0,0,0,0,0,0,0,0,0,0,0,0
Matt Zollers,198887,QB,MISSOURI,Missouri,1,100,3,3,-2.3,1.67,0,0,0,100,3,0,0,0,3,0,2,229,64.8,63.3,63.9,59.6,0,0,3,0,0,158.3,0,0,0,0,0,1,0,0,58,19.3,0,0,0,0,0,0,0,0,0,0,0,0,0,0,0,0,0,0,0,0,0,0,0,0,0,0,0,0,0,0,0,0,0,0,0,0,0
Dylan Wittke,174804,QB,MINNESOTA,Minnesota,1,33.3,3,3,14.3,2.37,0,0,0,33.3,1,0,1,0,3,0,0,225,63.3,39.9,38,0,0,1,4,0,0,2.8,0,0,0,0,0,0,1,25,7,2.3,0,0,0,0,0,0,0,0,0,0,0,0,0,0,0,0,0,0,0,0,0,0,0,0,0,0,0,0,0,0,0,0,0,0,0,0,0
Matthew Caldwell,150302,QB,TEXAS,Texas,1,66.7,3,3,9,2.33,0,0,0,66.7,2,0,0,0,3,0,1,311,62.7,68.7,69.8,0,0,0,3,0,0,88.2,0,0,0,0,0,0,0,0,22,7.3,0,0,0,0,0,0,0,0,0,0,0,0,0,0,0,0,0,0,0,0,0,0,0,0,0,0,0,0,0,0,0,0,0,0,0,0,0
Landon Sims,200048,QB,WYOMING,Wyoming,1,100,3,3,-0.7,3.2,0,0,0,100,3,0,2,0,5,0,2,351,66.8,83.1,77.3,68.7,0,0,5,0,50,98.6,20,1,1,0,0,0,0,0,23,7.7,157,1,212,212,215,18,143,143,1,193,171,204,171,184,113,36,45,66,61,100,209,56,101,140,15,124,156,133,133,203,93,1,1,24,207,208,66
Josh Flowers,184255,QB,ARK STATE,Arkansas State,1,33.3,3,3,9,1.7,0,0,0,33.3,1,0,0,0,3,0,1,113,19,49.9,67.4,47.6,0,0,3,0,0,42.4,0,0,0,0,0,0,0,0,7,2.3,0,0,0,0,0,0,0,0,0,0,0,0,0,0,0,0,0,0,0,0,0,0,0,0,0,0,0,0,0,0,0,0,0,0,0,0,0
Alberto Mendoza,188673,QB,INDIANA,Indiana,1,100,3,3,11,1.9,0,0,0,100,3,0,0,0,3,0,3,190,64.8,90.2,90.4,60,0,0,3,1,0,154.9,0,0,0,0,0,1,0,0,35,11.7,0,0,0,0,0,0,0,0,0,0,0,0,0,0,0,0,0,0,0,0,0,0,0,0,0,0,0,0,0,0,0,0,0,0,0,0,0
Zeon Chriss-Gremillion,156733,QB,HOUSTON,Houston,1,33.3,3,3,7,3.28,0,0,0,33.3,1,0,1,0,4,0,0,182,65.2,46.1,50.1,53.9,0,0,4,0,0,42.4,0,0,1,0,0,0,0,0,-7,-2.3,0,0,0,0,0,0,0,0,0,0,0,0,0,0,0,0,0,0,0,0,0,0,0,0,0,0,0,0,0,0,0,0,0,0,0,0,0
Luke Kromenhoek,183305,QB,MISS STATE,Mississippi State,1,100,2,3,6,2.6,1,0,0,33.3,1,0,1,50,4,1,1,227,66.6,72.7,59.3,69.8,0,0,4,0,0,42.4,0,0,1,0,0,0,0,0,7,2.3,0,0,0,0,0,0,0,0,0,0,0,0,0,0,0,0,0,0,0,0,0,0,0,0,0,0,0,0,0,0,0,0,0,0,0,0,0
Skyler Locklear,164027,QB,UTEP,UTEP,1,33.3,3,3,26.3,2.86,0,0,0,33.3,1,0,2,0,5,0,0,330,65.5,65.6,49.5,69.8,0,0,5,0,100,42.4,40,2,0,0,0,0,0,0,0,0,157,215,212,212,2,63,143,143,209,213,171,204,171,211,142,141,193,53,61,100,209,56,203,178,15,124,156,133,133,215,215,1,1,24,211,216,103
Brock Glenn,170335,QB,FLORIDA ST,Florida State,1,100,3,3,5.3,2.7,0,0,0,100,3,0,1,0,3,0,2,167,64.8,64.6,58.1,63.3,0,0,3,0,0,158.3,0,0,0,0,0,1,0,0,56,18.7,0,0,0,0,0,0,0,0,0,0,0,0,0,0,0,0,0,0,0,0,0,0,0,0,0,0,0,0,0,0,0,0,0,0,0,0,0
Alex Orji,158545,QB,UNLV,UNLV,1,100,3,3,2.7,2.28,0,0,0,100,3,0,1,0,4,0,3,325,25.4,67.8,61.4,66,0,0,5,0,0,118.1,0,0,1,0,0,0,0,0,37,12.3,0,0,0,0,0,0,0,0,0,0,0,0,0,0,0,0,0,0,0,0,0,0,0,0,0,0,0,0,0,0,0,0,0,0,0,0,0
Stephen Kittleman,126906,QB,TULSA,Tulsa,1,66.7,3,3,9,1.3,0,0,0,66.7,2,0,0,0,3,0,1,320,67.8,71.6,71.1,60.8,0,0,4,0,0,82.6,0,0,0,0,0,0,0,0,18,6,0,0,0,0,0,0,0,0,0,0,0,0,0,0,0,0,0,0,0,0,0,0,0,0,0,0,0,0,0,0,0,0,0,0,0,0,0
Cutter Boley,184630,QB,KENTUCKY,Kentucky,1,66.7,3,3,18.7,3.47,0,0,0,33.3,1,0,4,50,6,1,2,202,65.9,58.5,59.6,58.6,0,0,7,0,25,81.9,16.7,1,2,0,0,0,0,0,38,12.7,157,161,212,212,8,4,143,143,209,213,3,193,112,184,132,173,151,166,61,100,188,56,138,109,15,124,156,133,133,190,13,1,1,56,163,206,66
Brendan Sullivan,145034,QB,TULANE,Tulane,1,100,3,3,10,3.48,0,0,0,100,3,0,1,0,4,0,3,319,66.6,74.9,82.7,57.2,0,0,4,0,0,118.8,0,0,1,0,0,0,0,0,40,13.3,0,0,0,0,0,0,0,0,0,0,0,0,0,0,0,0,0,0,0,0,0,0,0,0,0,0,0,0,0,0,0,0,0,0,0,0,0
Jacurri Brown,156344,QB,UCF,UCF,1,66.7,3,3,7,2.47,0,0,0,66.7,2,0,0,0,6,0,2,323,68,90.2,49.9,90.4,0,0,6,0,0,78.5,0,0,2,0,0,0,0,0,15,5,157,161,212,212,164,154,143,143,77,206,171,193,171,184,102,12,191,2,61,100,198,56,150,109,15,124,156,133,133,209,176,1,1,1,1,1,1
Devin Brown,156479,QB,CAL,California,1,100,2,2,12.5,2,0,0,0,100,2,0,0,0,2,0,2,130,64.4,71.4,73.3,59.7,0,0,2,0,0,158.3,0,0,0,0,0,1,0,0,27,13.5,0,0,0,0,0,0,0,0,0,0,0,0,0,0,0,0,0,0,0,0,0,0,0,0,0,0,0,0,0,0,0,0,0,0,0,0,0
Jalyn Gramstad,180656,QB,NEBRASKA,Nebraska,1,100,2,2,1,1.2,0,0,0,100,2,0,0,0,2,0,0,238,61.8,62.1,61.7,0,0,0,2,0,0,79.2,0,0,0,0,0,0,0,0,2,1,0,0,0,0,0,0,0,0,0,0,0,0,0,0,0,0,0,0,0,0,0,0,0,0,0,0,0,0,0,0,0,0,0,0,0,0,0
Treyson Bourguet,158154,QB,BYU,BYU,1,50,2,2,25,2.35,0,0,0,50,1,0,0,0,2,0,0,128,64.4,67.6,59.8,63.5,0,0,2,0,0,60.4,0,0,0,0,0,0,0,0,8,4,0,0,0,0,0,0,0,0,0,0,0,0,0,0,0,0,0,0,0,0,0,0,0,0,0,0,0,0,0,0,0,0,0,0,0,0,0
Michael Johnson Jr.,97796,WR,AKRON,Akron,2,100,2,2,4,3.25,0,0,0,100,2,0,2,0,6,0,1,102,29.5,58.2,72.9,54.5,0,0,6,0,100,83.3,33.3,2,2,0,0,0,0,0,8,4,8,1,216,216,202,14,143,143,1,206,171,193,171,203,200,174,74,192,61,100,198,56,136,109,15,124,156,133,133,212,193,1,1,24,211,215,103
Liam Szarka,197814,QB,AIR FORCE,Air Force,1,100,2,2,12,3.75,0,0,0,100,2,0,1,0,2,0,2,101,66.2,75.7,77.7,61.6,0,0,2,0,0,118.8,0,0,0,0,0,0,0,0,47,23.5,0,0,0,0,0,0,0,0,0,0,0,0,0,0,0,0,0,0,0,0,0,0,0,0,0,0,0,0,0,0,0,0,0,0,0,0,0
Mason Bray,189620,QB,ARIZONA,Arizona,1,100,2,2,4,1.75,0,0,0,50,1,0,1,50,2,1,1,109,66.2,67.6,54.3,68.4,0,0,2,0,0,89.6,0,0,0,0,0,0,0,0,22,11,0,0,0,0,0,0,0,0,0,0,0,0,0,0,0,0,0,0,0,0,0,0,0,0,0,0,0,0,0,0,0,0,0,0,0,0,0
Tavien St. Clair,199863,QB,OHIO STATE,Ohio State,1,50,2,2,7,2.7,0,0,0,0,0,0,0,100,2,1,0,260,61.8,59.1,57.9,0,0,0,2,0,0,39.6,0,0,0,0,0,0,0,0,0,0,0,0,0,0,0,0,0,0,0,0,0,0,0,0,0,0,0,0,0,0,0,0,0,0,0,0,0,0,0,0,0,0,0,0,0,0,0
Brandon Tennison,174109,QB,UTSA,UTSA,1,100,2,2,22,2.6,0,1,50,100,2,0,0,0,2,0,2,331,64.4,90.2,92.3,58.1,0,0,2,0,0,158.3,0,0,0,0,0,1,0,0,49,24.5,0,0,0,0,0,0,0,0,0,0,0,0,0,0,0,0,0,0,0,0,0,0,0,0,0,0,0,0,0,0,0,0,0,0,0,0,0
Tama Amisone,199154,QB,S JOSE ST,San Jose State,2,100,1,2,5,3.1,0,0,0,50,1,0,1,0,2,0,0,285,69.6,52,58.9,54.7,0,0,2,0,0,56.3,0,0,0,0,1,0,0,0,5,2.5,0,0,0,0,0,0,0,0,0,0,0,0,0,0,0,0,0,0,0,0,0,0,0,0,0,0,0,0,0,0,0,0,0,0,0,0,0
Austin Novosad,174133,QB,OREGON,Oregon,1,50,2,2,18.5,2.75,0,0,0,50,1,0,0,0,2,0,1,264,61.8,69.7,69.1,0,0,0,2,0,0,95.8,0,0,0,0,0,0,0,0,40,20,0,0,0,0,0,0,0,0,0,0,0,0,0,0,0,0,0,0,0,0,0,0,0,0,0,0,0,0,0,0,0,0,0,0,0,0,0
Gunnar Gray,171202,QB,BUFFALO,Buffalo,1,50,2,2,1,1.9,0,0,0,50,1,0,0,0,2,0,0,126,61.8,44.6,41.4,0,0,1,2,0,0,16.7,0,0,0,0,0,0,1,50,0,0,0,0,0,0,0,0,0,0,0,0,0,0,0,0,0,0,0,0,0,0,0,0,0,0,0,0,0,0,0,0,0,0,0,0,0,0,0
Carson Cruver,169906,QB,FAU,Florida Atlantic,1,0,1,2,9,2.4,1,0,0,0,0,0,0,0,2,0,0,165,61.8,37.4,38,0,0,0,2,0,0,39.6,0,0,0,0,0,0,1,50,0,0,0,0,0,0,0,0,0,0,0,0,0,0,0,0,0,0,0,0,0,0,0,0,0,0,0,0,0,0,0,0,0,0,0,0,0,0,0
Reese Poffenbarger,145346,QB,N TEXAS,North Texas,1,0,2,2,24.5,4.53,0,0,0,0,0,0,1,0,3,0,1,251,68.8,42.1,27.5,64.3,0,0,3,0,0,39.6,0,0,1,0,0,0,1,33.3,0,0,0,0,0,0,0,0,0,0,0,0,0,0,0,0,0,0,0,0,0,0,0,0,0,0,0,0,0,0,0,0,0,0,0,0,0,0,0
Shay Smith,188323,QB,UTEP,UTEP,1,50,2,2,-2,2.4,0,0,0,50,1,0,0,0,2,0,0,330,64.4,66.1,54.5,62.5,0,0,2,0,0,56.3,0,0,0,0,0,0,0,0,0,0,0,0,0,0,0,0,0,0,0,0,0,0,0,0,0,0,0,0,0,0,0,0,0,0,0,0,0,0,0,0,0,0,0,0,0,0,0
Tucker McDonald,171056,QB,UCONN,Connecticut,1,100,2,2,18.5,2.55,0,1,50,50,1,0,0,50,2,1,1,146,64.4,88.3,88.2,60,0,0,2,0,0,95.8,0,0,0,0,0,0,0,0,45,22.5,0,0,0,0,0,0,0,0,0,0,0,0,0,0,0,0,0,0,0,0,0,0,0,0,0,0,0,0,0,0,0,0,0,0,0,0,0
Michael Grant,170336,QB,FLORIDA ST,Florida State,1,100,1,1,-1,2.1,0,0,0,100,1,0,2,0,2,0,1,167,61.8,60.3,58.3,0,0,0,2,0,50,118.8,50,1,0,0,0,0,0,0,14,14,0,0,0,0,0,0,0,0,0,0,0,0,0,0,0,0,0,0,0,0,0,0,0,0,0,0,0,0,0,0,0,0,0,0,0,0,0
Luke Doty,124230,WR,S CAROLINA,South Carolina,1,0,1,1,31,2.8,0,0,0,0,0,0,0,0,1,0,0,289,62.7,45.8,44.9,0,0,0,3,0,0,39.6,0,0,0,0,0,0,0,0,0,0,0,0,0,0,0,0,0,0,0,0,0,0,0,0,0,0,0,0,0,0,0,0,0,0,0,0,0,0,0,0,0,0,0,0,0,0,0
Brady Hart,199994,QB,TEXAS A&M,Texas A&M,1,0,1,1,6,2,0,0,0,0,0,0,0,0,1,0,0,312,67.5,56.5,54.1,60.8,0,0,1,0,0,39.6,0,0,0,0,0,0,0,0,0,0,0,0,0,0,0,0,0,0,0,0,0,0,0,0,0,0,0,0,0,0,0,0,0,0,0,0,0,0,0,0,0,0,0,0,0,0,0
Roman Gagliano,183961,QB,MIDDLE TN,Middle Tennessee,1,100,1,1,5,1.93,0,0,0,100,1,0,2,0,3,0,0,224,62.7,56.4,56.4,0,0,0,3,0,100,87.5,66.7,2,0,0,0,0,0,0,5,5,0,0,0,0,0,0,0,0,0,0,0,0,0,0,0,0,0,0,0,0,0,0,0,0,0,0,0,0,0,0,0,0,0,0,0,0,0
Ethan Hampton,145858,QB,ILLINOIS,Illinois,1,100,1,1,14,2.6,0,0,0,100,1,0,0,0,1,0,1,187,65.9,74.8,75.4,60.1,0,0,1,0,0,118.8,0,0,0,0,0,0,0,0,14,14,0,0,0,0,0,0,0,0,0,0,0,0,0,0,0,0,0,0,0,0,0,0,0,0,0,0,0,0,0,0,0,0,0,0,0,0,0
Weston Bryan,207846,QB,GA SOUTHRN,Georgia Southern,1,100,1,1,31,1.8,0,0,0,100,1,0,0,0,1,0,1,174,63.7,72,77.1,57.9,0,0,1,0,0,158.3,0,0,0,0,0,1,0,0,32,32,0,0,0,0,0,0,0,0,0,0,0,0,0,0,0,0,0,0,0,0,0,0,0,0,0,0,0,0,0,0,0,0,0,0,0,0,0
JC Evans,184302,QB,JAMES MAD,James Madison,1,0,1,1,31,2.8,0,0,0,0,0,0,0,0,1,0,0,197,63.7,58.9,49.9,63.5,0,0,1,0,0,39.6,0,0,0,0,0,0,0,0,0,0,0,0,0,0,0,0,0,0,0,0,0,0,0,0,0,0,0,0,0,0,0,0,0,0,0,0,0,0,0,0,0,0,0,0,0,0,0
Jared Hollins,184343,QB,S ALABAMA,South Alabama,1,100,1,1,8,2.6,0,0,0,100,1,0,1,0,1,0,0,288,60.3,69.3,77.2,0,0,0,1,1,0,100,0,0,0,0,0,0,0,0,8,8,0,0,0,0,0,0,0,0,0,0,0,0,0,0,0,0,0,0,0,0,0,0,0,0,0,0,0,0,0,0,0,0,0,0,0,0,0
Zavion Thomas,163697,WR,LSU,LSU,1,100,1,1,9,4.2,0,0,0,100,1,0,0,0,1,0,1,211,29.1,59.1,71.7,54.9,0,0,1,0,0,118.8,0,0,0,0,0,0,0,0,16,16,0,0,0,0,0,0,0,0,0,0,0,0,0,0,0,0,0,0,0,0,0,0,0,0,0,0,0,0,0,0,0,0,0,0,0,0,0
Trent Walker,146340,WR,OREGON ST,Oregon State,1,100,1,1,16,3.8,0,0,0,100,1,0,0,0,1,0,1,265,75,76.9,72.6,0,0,0,1,0,0,118.8,0,0,0,0,0,0,0,0,17,17,0,0,0,0,0,0,0,0,0,0,0,0,0,0,0,0,0,0,0,0,0,0,0,0,0,0,0,0,0,0,0,0,0,0,0,0,0
Noah Short,163220,WR,ARMY,Army,1,100,1,1,33,3.5,0,0,0,100,1,0,0,0,1,0,1,114,77,70.9,75.9,64.2,0,0,1,1,0,118.8,0,0,0,0,0,0,0,0,52,52,0,0,0,0,0,0,0,0,0,0,0,0,0,0,0,0,0,0,0,0,0,0,0,0,0,0,0,0,0,0,0,0,0,0,0,0,0
Iverson Hooks,163020,WR,UAB,UAB,1,100,1,1,9,7.4,0,0,0,100,1,0,1,0,1,0,1,321,24.5,66.5,60.4,0,0,0,1,0,0,118.8,0,0,0,0,0,0,0,0,17,17,0,0,0,0,0,0,0,0,0,0,0,0,0,0,0,0,0,0,0,0,0,0,0,0,0,0,0,0,0,0,0,0,0,0,0,0,0
Ken Seals,124359,QB,TCU,TCU,1,0,1,1,19,2.1,0,0,0,0,0,0,1,0,1,0,0,305,63.7,57.6,48.5,60,0,0,1,0,0,39.6,0,0,0,0,0,0,0,0,0,0,0,0,0,0,0,0,0,0,0,0,0,0,0,0,0,0,0,0,0,0,0,0,0,0,0,0,0,0,0,0,0,0,0,0,0,0,0
Brock Thomas,176601,QB,OREGON,Oregon,1,0,0,1,0,2.2,0,0,0,0,0,0,1,0,1,0,0,264,67.6,60.2,55.4,62.5,1,0,2,0,0,39.6,0,0,0,0,0,0,0,0,0,0,0,0,0,0,0,0,0,0,0,0,0,0,0,0,0,0,0,0,0,0,0,0,0,0,0,0,0,0,0,0,0,0,0,0,0,0,0
Cameron Flowers,188745,WR,W KENTUCKY,Western Kentucky,1,100,1,1,39,3.3,0,1,100,100,1,0,0,0,1,0,1,346,66.7,81.5,87.3,59.5,0,0,1,0,0,118.8,0,0,0,0,0,0,0,0,39,39,0,0,0,0,0,0,0,0,0,0,0,0,0,0,0,0,0,0,0,0,0,0,0,0,0,0,0,0,0,0,0,0,0,0,0,0,0
Michael Valentino,189408,QB,FAU,Florida Atlantic,1,0,1,1,27,1.9,0,0,0,0,0,0,0,0,1,0,0,165,60.3,50.3,50.4,0,0,0,1,0,0,39.6,0,0,0,0,0,0,0,0,0,0,0,0,0,0,0,0,0,0,0,0,0,0,0,0,0,0,0,0,0,0,0,0,0,0,0,0,0,0,0,0,0,0,0,0,0,0,0
Gabarri Johnson,175905,QB,OREGON ST,Oregon State,1,100,1,1,-5,1.3,0,0,0,100,1,0,0,0,1,0,0,265,68,61.5,59.1,57.9,0,0,2,0,0,83.3,0,0,0,0,0,0,0,0,4,4,0,0,0,0,0,0,0,0,0,0,0,0,0,0,0,0,0,0,0,0,0,0,0,0,0,0,0,0,0,0,0,0,0,0,0,0,0
Isaiah Alston,121550,WR,JAMES MAD,James Madison,1,0,1,1,33,3.3,0,0,0,0,0,0,0,0,1,0,0,197,64.6,60.6,58,0,0,0,1,0,0,39.6,0,0,0,0,0,0,0,0,0,0,0,0,0,0,0,0,0,0,0,0,0,0,0,0,0,0,0,0,0,0,0,0,0,0,0,0,0,0,0,0,0,0,0,0,0,0,0
Drew Devillier,190639,QB,RICE,Rice,1,100,1,1,-1,1.1,0,0,0,100,1,0,0,0,1,0,0,275,60.3,61.5,61,0,0,0,1,0,0,79.2,0,0,0,0,0,0,0,0,1,1,0,0,0,0,0,0,0,0,0,0,0,0,0,0,0,0,0,0,0,0,0,0,0,0,0,0,0,0,0,0,0,0,0,0,0,0,0
Joseph Williams,190753,WR,COLORADO,Colorado,1,0,1,1,-5,5.7,0,0,0,0,0,0,1,0,1,0,0,143,65.9,65,60.4,0,0,0,1,0,0,39.6,0,0,0,0,0,0,0,0,0,0,0,0,0,0,0,0,0,0,0,0,0,0,0,0,0,0,0,0,0,0,0,0,0,0,0,0,0,0,0,0,0,0,0,0,0,0,0
Landry Lyddy,156581,QB,SO MISS,Southern Miss,1,100,1,1,-5,0.7,0,0,0,100,1,0,0,0,1,0,1,296,61.8,63.4,62.6,0,0,0,2,0,0,112.5,0,0,0,0,0,0,0,0,11,11,0,0,0,0,0,0,0,0,0,0,0,0,0,0,0,0,0,0,0,0,0,0,0,0,0,0,0,0,0,0,0,0,0,0,0,0,0
D.J. McKinney,175620,HB,NEW MEXICO,New Mexico,1,100,1,1,16,1.5,0,0,0,100,1,0,0,0,1,0,1,241,72.6,67.6,75.4,69.6,0,0,1,0,0,143.8,0,0,0,0,0,1,0,0,9,9,0,0,0,0,0,0,0,0,0,0,0,0,0,0,0,0,0,0,0,0,0,0,0,0,0,0,0,0,0,0,0,0,0,0,0,0,0
Reggie Branch II,150071,HB,MO STATE,Missouri State,1,100,1,1,1,3.9,0,0,0,100,1,0,1,0,1,0,1,230,67.5,69.9,60.6,67.5,0,0,1,0,0,118.8,0,0,0,0,0,0,0,0,29,29,0,0,0,0,0,0,0,0,0,0,0,0,0,0,0,0,0,0,0,0,0,0,0,0,0,0,0,0,0,0,0,0,0,0,0,0,0
Keldric Luster,175287,QB,TEXAS ST,Texas State,1,100,1,1,13,2.4,0,0,0,0,0,0,1,100,1,1,0,314,65.9,77.4,72.6,64.2,0,0,1,0,0,39.6,0,0,0,0,0,0,0,0,0,0,0,0,0,0,0,0,0,0,0,0,0,0,0,0,0,0,0,0,0,0,0,0,0,0,0,0,0,0,0,0,0,0,0,0,0,0,0
Ryan Leavy,139035,P,E CAROLINA,East Carolina,1,100,1,1,4,2,0,0,0,100,1,0,0,0,1,0,1,156,60.3,60.6,60.6,0,0,0,1,0,0,118.8,0,0,0,0,0,0,0,0,17,17,0,0,0,0,0,0,0,0,0,0,0,0,0,0,0,0,0,0,0,0,0,0,0,0,0,0,0,0,0,0,0,0,0,0,0,0,0
Myles Butler,150199,WR,MIDDLE TN,Middle Tennessee,1,0,0,1,0,4.5,0,0,0,0,0,0,1,0,1,0,0,224,65.9,61,60,0,0,0,1,1,0,39.6,0,0,0,0,1,0,0,0,0,0,0,0,0,0,0,0,0,0,0,0,0,0,0,0,0,0,0,0,0,0,0,0,0,0,0,0,0,0,0,0,0,0,0,0,0,0,0
Hank Brown,172439,QB,IOWA,Iowa,1,100,1,1,4,2.2,0,0,0,100,1,0,0,0,1,0,0,192,13.4,36.2,60.4,42.3,0,0,1,0,0,83.3,0,0,0,0,0,0,0,0,4,4,0,0,0,0,0,0,0,0,0,0,0,0,0,0,0,0,0,0,0,0,0,0,0,0,0,0,0,0,0,0,0,0,0,0,0,0,0
Anthony Garcia,174863,QB,UTAH ST,Utah State,1,100,1,1,6,3.5,0,1,100,100,1,0,1,0,1,0,1,329,66.2,62.3,83,62.9,0,0,1,1,0,118.8,0,0,0,0,0,1,0,0,3,3,0,0,0,0,0,0,0,0,0,0,0,0,0,0,0,0,0,0,0,0,0,0,0,0,0,0,0,0,0,0,0,0,0,0,0,0,0
Stanley Anderson-Lofton,198834,QB,MIDDLE TN,Middle Tennessee,1,100,1,1,4,3,0,0,0,100,1,0,1,0,2,0,0,224,66.2,64,58.9,63.1,0,0,2,0,100,112.5,50,1,0,0,0,0,0,0,11,11,0,0,0,0,0,0,0,0,0,0,0,0,0,0,0,0,0,0,0,0,0,0,0,0,0,0,0,0,0,0,0,0,0,0,0,0,0
Locklan Hewlett,199429,QB,USF,USF,1,100,1,1,27,2.3,0,0,0,100,1,0,0,0,1,0,1,327,60.3,71.9,78.3,0,0,0,1,0,0,158.3,0,0,0,0,0,1,0,0,45,45,0,0,0,0,0,0,0,0,0,0,0,0,0,0,0,0,0,0,0,0,0,0,0,0,0,0,0,0,0,0,0,0,0,0,0,0,0
Tahj Bullock,144070,QB,COLO STATE,Colorado State,2,0,1,1,19,3.7,0,0,0,0,0,0,2,0,2,0,0,144,72.4,70.2,35.6,73.2,0,0,3,0,50,39.6,50,1,0,0,0,0,0,0,0,0,0,0,0,0,0,0,0,0,0,0,0,0,0,0,0,0,0,0,0,0,0,0,0,0,0,0,0,0,0,0,0,0,0,0,0,0,0
Scotty Fox Jr.,199546,QB,W VIRGINIA,West Virginia,1,100,1,1,4,1.4,0,0,0,100,1,0,0,0,1,0,1,343,65.9,80.2,60.6,71,0,0,1,0,0,100,0,0,0,0,0,0,0,0,8,8,0,0,0,0,0,0,0,0,0,0,0,0,0,0,0,0,0,0,0,0,0,0,0,0,0,0,0,0,0,0,0,0,0,0,0,0,0
Jordan Magwood,199666,QB,FAU,Florida Atlantic,1,100,1,1,14,2.3,0,0,0,100,1,0,0,0,1,0,1,165,60.3,73.4,72.6,0,0,0,1,0,0,118.8,0,0,0,0,0,0,0,0,18,18,0,0,0,0,0,0,0,0,0,0,0,0,0,0,0,0,0,0,0,0,0,0,0,0,0,0,0,0,0,0,0,0,0,0,0,0,0
Graham Knowles,183218,QB,GA TECH,Georgia Tech,1,100,1,1,-5,1,0,0,0,100,1,0,0,0,1,0,1,176,60.3,60.6,60.4,0,0,0,1,0,0,158.3,0,0,0,0,0,1,0,0,84,84,0,0,0,0,0,0,0,0,0,0,0,0,0,0,0,0,0,0,0,0,0,0,0,0,0,0,0,0,0,0,0,0,0,0,0,0,0
Julian Dugger,183269,QB,WASH STATE,Washington State,1,0,1,1,7,5.1,0,0,0,0,0,0,2,0,3,0,0,341,68.8,55.9,51.1,60.6,0,0,3,0,50,39.6,33.3,1,1,0,0,0,0,0,0,0,0,0,0,0,0,0,0,0,0,0,0,0,0,0,0,0,0,0,0,0,0,0,0,0,0,0,0,0,0,0,0,0,0,0,0,0,0
Trever Jackson,183303,QB,ARKANSAS,Arkansas,1,100,1,1,4,2.7,0,0,0,0,0,0,0,100,1,1,0,111,60.3,59.5,61,60,0,0,1,0,0,39.6,0,0,0,0,0,0,0,0,0,0,0,0,0,0,0,0,0,0,0,0,0,0,0,0,0,0,0,0,0,0,0,0,0,0,0,0,0,0,0,0,0,0,0,0,0,0,0
Alessio Milivojevic,183542,QB,MICH STATE,Michigan State,1,0,1,1,4,2.3,0,0,0,0,0,0,0,0,1,0,0,223,67.5,24.4,23.6,60.8,0,1,1,0,0,0,0,0,0,0,0,0,1,100,0,0,0,0,0,0,0,0,0,0,0,0,0,0,0,0,0,0,0,0,0,0,0,0,0,0,0,0,0,0,0,0,0,0,0,0,0,0,0

Caden Creel,170414,QB,JVILLE ST,Jacksonville State,1,100,1,1,2,2.8,0,0,0,100,1,0,0,0,1,0,1,196,65.9,60.9,60.4,61.5,0,0,1,0,0,118.8,0,0,0,0,0,0,0,0,18,18,0,0,0,0,0,0,0,0,0,0,0,0,0,0,0,0,0,0,0,0,0,0,0,0,0,0,0,0,0,0,0,0,0,0,0,0,0
