Coach,NFL,2020,2019,2018,2017,2016,2015,2014,2013,2012,2011,2010,2009,2008,2007,2006,2005,2004,2003,2002,2001,2000,2020school,logopath
Al Golden,0,0,0,0,0,0,215.49,256.08,249.66,268.93,198.68,141.31,82.03,128.86,131.64,77.53,0,0,0,0,0,0,#N/A,
Al Groh,1,0,0,0,0,0,0,0,0,0,0,0,210.97,158.94,207.49,111.11,211.72,160.63,220.34,235.48,28.71,0,#N/A,
Andy McCollum,0,0,0,0,0,0,0,0,0,0,0,0,0,0,0,0,92.75,99.28,97.77,124.79,23.82,0,#N/A,
Art Briles,0,0,0,0,0,0,195.88,218.13,209.23,222.62,169.94,206.15,183.32,157.42,137.41,101.62,102.37,93.19,125.88,0,0,0,#N/A,
Barry Alvarez,0,0,0,0,0,0,0,0,0,0,0,0,0,0,0,0,187.47,162.48,170.37,129.47,56.14,27.03,#N/A,
Barry Odom,0,0,202.13,197.38,187.71,188.37,0,0,0,0,0,0,0,0,0,0,0,0,0,0,0,0,#N/A,
Bill Blankenship,0,0,0,0,0,0,0,130.3,138.11,120.37,113.38,0,0,0,0,0,0,0,0,0,0,0,#N/A,
Bill Callahan,1,0,0,0,0,0,0,0,0,0,0,0,0,0,218.45,207.2,247.47,188,0,0,0,0,#N/A,
Bill Clark,0,142.57,160.48,125.49,115.95,0,0,96.13,0,0,0,0,0,0,0,0,0,0,0,0,0,0,UAB,
Bill Cubit,0,0,0,0,0,0,181.74,0,0,120.13,94.12,146.63,123.17,116.96,88.37,93.25,95.69,0,0,0,0,0,#N/A,
Bill Curry,0,0,0,0,0,0,0,0,0,28.35,0,0,0,0,0,0,0,0,0,0,0,0,#N/A,
Bill Doba,0,0,0,0,0,0,0,0,0,0,0,0,0,0,162.05,161.64,162.68,191.68,133.59,0,0,0,#N/A,
Bill Lynch,0,0,0,0,0,0,0,0,0,0,0,164.39,163.75,145.51,123.89,0,0,0,0,0,0,0,#N/A,
Bill O'Brien,1,0,0,0,0,0,0,0,195.7,192.63,0,0,0,0,0,0,0,0,0,0,0,0,#N/A,
Bill Snyder,0,0,0,175.65,169.37,155.49,175.02,178.29,158.71,139.67,161.75,164.45,160.93,0,0,0,177.71,208.77,167.35,216.77,80.08,27.63,#N/A,
Bill Stewart,0,0,0,0,0,0,0,0,0,0,0,211.69,225.23,169.81,0,0,0,0,0,0,0,0,#N/A,
Billy Napier,0,158.34,158.45,124.91,0,0,0,0,0,0,0,0,0,0,0,0,0,0,0,0,0,0,Louisiana,
Blake Anderson,0,148.75,143.36,148.03,114.91,132.18,131.45,111.51,0,0,0,0,0,0,0,0,0,0,0,0,0,0,Arkansas State,
Bo Pelini,0,0,0,0,0,0,0,200.24,220.72,213.77,245.6,219.7,201.57,215.29,0,0,0,0,0,0,0,0,#N/A,
Bob Davie,0,0,126.28,110.31,109.85,141.76,110.03,112.56,122.45,113.27,0,0,0,0,0,0,0,0,0,0,108.06,106.88,#N/A,
Bob DeBesse,0,0,0,0,0,0,0,0,0,0,0,0,0,0,0,0,0,0,0,0,0,0,#N/A,
Bob Diaco,0,0,0,0,0,126.83,120.89,98.31,0,0,0,0,0,0,0,0,0,0,0,0,0,0,#N/A,
Bob Pruett,0,0,0,0,0,0,0,0,0,0,0,0,0,0,0,0,0,91.43,82.05,60.25,0,0,#N/A,
Bob Simmons,0,0,0,0,0,0,0,0,0,0,0,0,0,0,0,0,0,0,0,0,0,26.18,#N/A,
Bob Stoops,0,0,0,0,0,238.73,249.69,248.94,241.93,255.08,256.79,283.58,262.78,284.83,220.6,262.96,279.2,261.38,247.77,273.53,155.82,28.69,#N/A,
Bob Toledo,0,0,0,0,0,0,0,0,0,0,110.8,145.27,150.56,97.06,85.4,0,0,0,0,258.06,106.91,81.61,#N/A,
Bobby Bowden,0,0,0,0,0,0,0,0,0,0,0,0,259.63,259.98,216.82,286.53,281.52,292.97,203.95,303.14,256.86,225.16,#N/A,
Bobby Hauck,0,0,0,0,0,0,0,91.15,117.06,106.3,53.88,136.45,0,0,0,0,0,0,0,0,0,0,#N/A,
Bobby Johnson,0,0,0,0,0,0,0,0,0,0,0,0,169.67,130.16,128.26,150.75,88.91,101.95,116.07,95.67,0,0,#N/A,
Bobby Keasler,0,0,0,0,0,0,0,0,0,0,0,0,0,0,0,0,0,0,0,0,0,0,#N/A,
Bobby Petrino,1,0,0,213.58,205.15,196.02,201.4,183.64,120.24,0,226.22,203.21,232.93,214.9,0,201.32,176.69,109.8,137.31,0,0,0,#N/A,
Bobby Ross,1,0,0,0,0,0,0,0,0,0,0,0,0,0,0,38.48,8.82,30.13,0,0,0,0,#N/A,
Bobby Wallace,0,0,0,0,0,0,0,0,0,0,0,0,0,0,0,0,53,90.32,120.41,78.82,0,0,#N/A,
Bobby Wilder,0,0,128.31,108.27,99.41,106.63,115.65,136.07,87.47,40.57,8.32,0,0,0,0,0,0,0,0,0,0,0,#N/A,
Bobby Williams,0,0,0,0,0,0,0,0,0,0,0,0,0,0,0,0,0,0,0,182.39,26.51,136.95,#N/A,
Brad Lambert,0,0,0,120.43,111.82,106.83,86.91,89.2,100.75,19.34,0,0,0,0,0,0,0,0,0,0,0,0,#N/A,
Brad Wright,0,0,0,0,0,0,0,0,0,0,0,0,0,0,0,0,0,0,0,0,0,0,#N/A,
Brady Hoke,0,142.57,0,0,0,0,0,233.54,288.74,281.12,205.16,165.98,131.67,85.39,110.69,96.34,70.61,76.9,68.5,0,0,0,San Diego State,
Brent Brennan,0,0,0,0,0,0,0,0,0,0,0,0,0,0,0,0,0,0,0,0,0,0,San Jose State,
Brent Guy,0,0,0,0,0,0,0,0,0,0,0,0,0,76.17,75.98,40.78,41.79,0,0,0,0,0,#N/A,
Bret Bielema,0,0,0,0,212.74,219.34,222.51,215.5,216.6,160.75,174.08,194.33,199.62,192.63,197.94,177.1,0,0,0,0,0,0,#N/A,
Brian Kelly,0,251.45,258.56,268.86,251.32,249.43,267.79,260.44,284.77,248.21,271.38,241.92,176.05,90.28,111.09,62.5,64.54,72.4,0,0,0,0,Notre Dame,
Brian Knorr,0,0,0,0,0,0,0,0,0,0,0,0,0,0,0,0,0,80.84,66.15,13.29,0,0,#N/A,
Brian Polian,0,0,0,0,0,118.76,122.5,126.15,124.94,0,0,0,0,0,0,0,0,0,0,0,0,0,#N/A,
Brian VanGorder,0,0,0,0,0,0,0,0,0,0,0,0,0,0,0,0,0,0,0,0,0,0,#N/A,
Bronco Mendenhall,0,185.57,200.89,178.6,172.5,164.95,165.06,161.71,152.55,148.63,143.97,211.56,181.77,176.15,168.65,128.22,123.25,0,0,0,0,0,Virginia,
Bruce Snyder,0,0,0,0,0,0,0,0,0,0,0,0,0,0,0,0,0,0,0,0,0,54.19,#N/A,
Bryan Harsin,0,167.92,189.93,183.46,167.43,160.66,171.68,163.09,113.75,0,0,0,0,0,0,0,0,0,0,0,0,0,Boise State,
Buddy Teevens,0,0,0,0,0,0,0,0,0,0,0,0,0,0,0,0,0,115.28,179.93,175.79,0,0,#N/A,
Butch Davis,1,162.27,152.57,173.58,137.75,0,0,0,0,0,0,224.64,258.85,205.05,244.08,0,0,0,0,0,0,161.25,Florida International,
Butch Jones,0,0,0,0,237.21,253.94,286.26,274.77,214.06,185.26,168.77,184.21,154.04,100.63,80.68,0,0,0,0,0,0,0,#N/A,
Cam Cameron,1,0,0,0,0,0,0,0,0,0,0,0,0,0,0,0,0,0,0,0,0,26.27,#N/A,
Carl Franks,0,0,0,0,0,0,0,0,0,0,0,0,0,0,0,0,0,0,91.65,106.65,0,0,#N/A,
Carl Pelini,0,0,0,0,0,0,0,0,119.58,125.72,0,0,0,0,0,0,0,0,0,0,0,0,#N/A,
Carl Torbush,0,0,0,0,0,0,0,0,0,0,0,0,0,0,0,0,0,0,0,0,0,0,#N/A,
Chad Lunsford,0,145.22,125.24,146.64,0,0,0,0,0,0,0,0,0,0,0,0,0,0,0,0,0,0,Georgia Southern,
Chad Morris,0,0,237.17,192.11,140.4,152.27,142.99,0,0,0,0,0,0,0,0,0,0,0,0,0,0,0,#N/A,
Chan Gailey,1,0,0,0,0,0,0,0,0,0,0,0,0,0,225.49,138.67,114.18,141.96,159.66,136.09,0,0,#N/A,
Charley Molnar,0,0,0,0,0,0,0,0,112.55,19.91,0,0,0,0,0,0,0,0,0,0,0,0,#N/A,
Charlie Partridge,0,0,0,0,0,132.74,146.02,111.77,0,0,0,0,0,0,0,0,0,0,0,0,0,0,#N/A,
Charlie Strong,0,0,158.44,176.25,150.65,280.66,272.49,239.85,194.03,194.36,208.34,197.18,0,0,0,0,0,0,0,0,0,0,#N/A,
Charlie Weatherbie,0,0,0,0,0,0,0,0,0,0,0,0,116.77,116.95,69.54,69.77,55.67,76.25,77.6,0,0,0,#N/A,
Charlie Weis,0,0,0,0,0,0,0,177.14,180.28,128.07,0,0,246.29,295.57,274.05,282.8,166.05,0,0,0,0,0,#N/A,
Chip Kelly,1,208.42,199.61,237.77,0,0,0,0,0,251.25,257.09,250.88,212.76,0,0,0,0,0,0,0,0,0,UCLA,
Chip Lindsey,0,154.47,157.59,0,0,0,0,0,0,0,0,0,0,0,0,0,0,0,0,0,0,0,Troy,
Chris Ash,0,0,174.33,184.28,189.01,163.8,0,0,0,0,0,0,0,0,0,0,0,0,0,0,0,0,#N/A,
Chris Ault,0,0,0,0,0,0,0,0,0,135.19,50.28,144.64,120.06,113.23,89.62,86.13,83.33,81.94,0,0,0,0,#N/A,
Chris Creighton,0,136.77,124.99,121.54,100.97,102.89,110.15,84.89,0,0,0,0,0,0,0,0,0,0,0,0,0,0,Eastern Michigan,
Chris Hatcher,0,0,0,0,0,0,0,0,0,0,0,0,0,0,0,0,0,0,0,0,0,0,#N/A,
Chris Klieman,0,182.46,177.4,0,0,0,0,0,0,0,0,0,0,0,0,0,0,0,0,0,0,0,Kansas State,
Chris Petersen,0,0,259.19,253.23,224.74,209.87,215.83,198.52,173.51,169.1,159.98,115.97,161.31,118.14,149.94,106.05,0,0,0,0,0,0,#N/A,
Chris Scelfo,0,0,0,0,0,0,0,0,0,0,0,0,0,0,0,100.71,82.95,111.61,126.36,108.31,0,0,#N/A,
Chris Tormey,0,0,0,0,0,0,0,0,0,0,0,0,0,0,0,0,0,0,97.84,93.48,0,0,#N/A,
Chuck Amato,0,0,0,0,0,0,0,0,0,0,0,0,0,0,0,197.92,153.2,185.1,192.52,143.32,27.39,0,#N/A,
Chuck Long,0,0,0,0,0,0,0,0,0,0,0,0,0,123.85,135.97,119.38,0,0,0,0,0,0,#N/A,
Chuck Martin,0,150.61,151.13,103.16,126.73,129.79,150.48,84.76,0,0,0,0,0,0,0,0,0,0,0,0,0,0,Miami (OH),
Clay Helton,0,181.01,243.51,291.2,297.1,273.71,0,0,0,0,0,0,0,0,0,0,0,0,0,0,0,0,USC,
Craig Bohl,0,138.13,140.75,109.14,122.05,109.65,114.32,80.87,0,0,0,0,0,0,0,0,0,0,0,0,0,0,Wyoming,
Craig Cirbus,0,0,0,0,0,0,0,0,0,0,0,0,0,0,0,0,0,0,0,0,0,0,#N/A,
Curtis Johnson,0,0,0,0,0,0,128.9,118.86,133.37,124.65,0,0,0,0,0,0,0,0,0,0,0,0,#N/A,
D.J. Durkin,0,0,0,218.34,230.17,190.15,0,0,0,0,0,0,0,0,0,0,0,0,0,0,0,0,#N/A,
Dabo Swinney,0,309.73,275.55,283.67,238.91,271.16,277.98,240.73,249.66,241.73,269.69,218.08,207.86,271.35,0,0,0,0,0,0,0,0,Clemson,
Dan Enos,0,0,0,0,0,0,0,91.2,108.05,120.28,75.64,127.67,0,0,0,0,0,0,0,0,0,0,#N/A,
Dan Hawkins,0,0,0,0,0,0,0,0,0,0,0,183.91,188.77,236.08,207.66,155.35,122.57,94.26,71.83,76.83,0,0,#N/A,
Dan McCarney,0,0,0,0,0,0,126.6,105,93.6,108.78,55.16,0,0,0,0,164.57,151.53,143.53,127.9,166.21,0,0,#N/A,
Dan Mullen,0,272.99,276.85,259.56,220.22,211.11,237.46,199.92,214.76,227.14,178.1,212.47,233.49,0,0,0,0,0,0,0,0,0,Florida,
Dana Dimel,0,114.47,131.98,105.24,0,0,0,0,0,0,0,0,0,0,0,0,0,0,0,159.33,0,0,UTEP,
Dana Holgorsen,0,155.32,165.39,208.32,174.68,194.45,198.02,194.85,201.03,206.7,160.31,0,0,0,0,0,0,0,0,0,0,0,Houston,
Danny Gonzales,0,142.34,0,0,0,0,0,0,0,0,0,0,0,0,0,0,0,0,0,0,0,0,New Mexico,
Danny Hope,0,0,0,0,0,0,0,0,0,188.27,129.88,186.34,160.65,0,0,0,0,0,0,0,0,0,#N/A,
Danny Rocco,0,0,0,0,0,0,0,0,0,0,13.33,0,0,0,0,0,0,0,0,0,0,0,#N/A,
Darrell Dickey,0,0,0,0,0,0,0,0,0,0,0,0,0,0,0,63.55,72.06,85.46,94.48,26.46,0,0,#N/A,
Darrell Hazell,0,0,0,0,0,145.09,162.85,156.02,162.05,105.08,45.57,0,0,0,0,0,0,0,0,0,0,0,#N/A,
Darrin Chiaverini,0,203.17,0,0,0,0,0,0,0,0,0,0,0,0,0,0,0,0,0,0,0,0,Colorado,
Dave Aranda,0,181.12,0,0,0,0,0,0,0,0,0,0,0,0,0,0,0,0,0,0,0,0,Baylor,
Dave Baldwin,0,0,0,0,0,0,0,0,0,0,0,0,0,0,0,0,0,0,0,0,0,0,#N/A,
Dave Christensen,0,0,0,0,0,0,0,0,101.61,92.41,59.82,138.94,124.54,0,0,0,0,0,0,0,0,0,#N/A,
Dave Clawson,0,173.82,182.26,176.31,161.99,169.4,176.85,160.4,131.36,115.2,77.59,146.16,129.11,0,0,0,0,0,0,0,0,0,Wake Forest,
Dave Doeren,0,246.65,218.57,232.27,207.81,204.83,214.05,213.58,206.42,104.53,67.82,0,0,0,0,0,0,0,0,0,0,0,North Carolina,
Dave Wannstedt,1,0,0,0,0,0,0,0,0,0,0,212.43,197.86,224.64,216.08,229.68,158.2,0,0,0,0,0,#N/A,
David Bailiff,0,0,0,0,101.12,93.86,120.11,117.7,123.22,123.63,67.71,144.16,133.54,113.79,109.97,0,0,0,0,0,0,0,#N/A,
David Beaty,0,0,0,178.59,159.35,159.19,153.94,0,0,0,0,0,0,0,0,0,0,0,0,0,0,0,#N/A,
David Bennett,0,0,0,0,0,0,0,0,0,0,0,0,0,0,0,0,0,0,0,0,0,0,#N/A,
David Cutcliffe,0,171.72,191.38,176.85,184.46,204.67,175.77,166.35,148.96,165.02,149.33,171.81,181.94,145.79,0,0,0,177.18,166.37,193.5,55.6,26.1,Duke,
David Elson,0,0,0,0,0,0,0,0,0,0,0,0,0,0,0,0,0,0,0,0,0,0,#N/A,
David Shaw,0,238.62,242.58,202.29,246.79,245.82,220.65,250.05,175.38,275.98,221.85,0,0,0,0,0,0,0,0,0,0,0,Stanford,
Dean Pees,0,0,0,0,0,0,0,0,0,0,0,0,0,0,0,0,0,0,78.45,6.67,0,0,#N/A,
Dennis Erickson,1,0,0,0,0,0,0,0,0,0,146.68,203.28,211.24,225.65,187.91,0,0,0,0,153.38,55.53,0,#N/A,
Dennis Franchione,0,0,0,0,0,0,124.71,109.9,120.48,94.09,12.55,0,0,0,171.74,215.25,235.38,241.23,207.47,147.97,29.86,28.69,#N/A,
Derek Dooley,0,0,0,0,0,0,0,0,0,242.81,253.78,271.56,155.85,124.43,126.35,0,0,0,0,0,0,0,#N/A,
Derek Mason,0,182.21,182.42,202.04,167.42,171.54,181.37,183.05,0,0,0,0,0,0,0,0,0,0,0,0,0,0,Vanderbilt,
DeWayne Walker,0,0,0,0,0,0,0,0,0,120.43,30.13,132.06,91.92,0,0,0,0,0,0,0,0,0,#N/A,
Dick Tomey,0,0,0,0,0,0,0,0,0,0,0,0,0,0,0,0,0,0,0,0,0,26.22,#N/A,
Dino Babers,0,175.88,182.67,189.14,180.08,165.15,119.83,102.64,0,0,0,0,0,0,0,0,0,0,0,0,0,0,Syracuse,
Dirk Koetter,1,0,0,0,0,0,0,0,0,0,0,0,0,0,0,188.18,180.3,191.49,183.77,193.35,26.63,0,#N/A,
Doc Holliday,0,146.14,165.42,165.85,132.84,176.55,149.98,165.64,170.81,134.93,152.84,164.29,0,0,0,0,0,0,0,0,0,0,Marshall,
Don Brown,0,0,0,0,0,0,0,0,0,0,0,0,0,0,0,0,0,0,0,0,0,0,#N/A,
Don Nehlen,0,0,0,0,0,0,0,0,0,0,0,0,0,0,0,0,0,0,0,0,0,0,#N/A,
Don Strock,0,0,0,0,0,0,0,0,0,0,0,0,0,0,0,90.73,26.01,4.44,0,6.67,0,0,#N/A,
Don Treadwell,0,0,0,0,0,0,0,0,107.36,121.01,57.32,0,0,0,0,0,0,0,0,0,0,0,#N/A,
Doug Marrone,1,0,0,0,0,0,0,0,0,170.44,155.37,180.14,128,0,0,0,0,0,0,0,0,0,#N/A,
Doug Martin,0,108.54,125.55,109.3,94.57,94.49,87.78,86.79,92.08,0,0,138.28,125.9,112.84,95.57,48.84,65.23,67.72,0,0,0,0,New Mexico State,
Ed Orgeron,0,300.54,284.06,254.38,287.66,0,0,0,256.44,0,0,0,0,0,221.24,231.94,183.26,0,0,0,0,0,LSU,
Eliah Drinkwitz,0,182.85,139,0,0,0,0,0,0,0,0,0,0,0,0,0,0,0,0,0,0,0,Missouri,
Ellis Johnson,0,0,0,0,0,0,0,0,0,150.61,0,0,0,0,0,0,0,0,0,0,0,0,#N/A,
Everett Withers,0,0,0,124.24,127.89,111.71,0,0,0,0,230.93,0,0,0,0,0,0,0,0,0,0,0,#N/A,
Fisher DeBerry,0,0,0,0,0,0,0,0,0,0,0,0,0,0,0,45.95,41.08,21.9,13.29,6.67,0,0,#N/A,
Fitz Hill,0,0,0,0,0,0,0,0,0,0,0,0,0,0,0,0,0,0,0,0,0,0,#N/A,
Frank Beamer,0,0,0,0,0,0,212.07,217.39,223.82,231.41,190.02,214.01,224.32,225.32,208.21,185.47,209.67,175.27,174.88,154.53,82.72,26.29,#N/A,
Frank Solich,0,116.96,138.11,110.94,120.83,109.82,128.68,105.12,96.79,116.72,67.8,101.59,105.11,117.01,71.71,81.66,68.71,0,166.25,172.33,26.91,55.63,Ohio,
Frank Spaziani,0,0,0,0,0,0,0,0,0,150.03,180.89,196.9,164.59,0,0,0,0,0,0,0,0,0,#N/A,
Frank Wilson,0,0,142.31,152.98,151.48,120.32,0,0,0,0,0,0,0,0,0,0,0,0,0,0,0,0,#N/A,
Garrick McGee,0,0,0,0,0,0,0,0,118.27,96.91,0,0,0,0,0,0,0,0,0,0,0,0,#N/A,
Gary Andersen,0,134.5,149.92,0,181.32,169.17,167.89,205.44,191.08,96.05,56.53,127.94,84.41,0,0,0,0,0,0,0,0,0,Utah State,
Gary Barnett,0,0,0,0,0,0,0,0,0,0,0,0,0,0,0,0,165.97,143.15,185.54,218.56,27.51,83.19,#N/A,
Gary Blackney,0,0,0,0,0,0,0,0,0,0,0,0,0,0,0,0,0,0,0,0,0,0,#N/A,
Gary Crowton,0,0,0,0,0,0,0,0,0,0,0,0,0,0,0,0,0,130.71,123.78,167.84,0,0,#N/A,
Gary Darnell,0,0,0,0,0,0,0,0,0,0,0,0,0,0,0,0,0,85.24,77.98,84.27,0,0,#N/A,
Gary Nord,0,0,0,0,0,0,0,0,0,0,0,0,0,0,0,0,0,0,63.41,0,0,0,#N/A,
Gary Patterson,0,215.88,210.62,224.13,210.03,235.79,191.44,188.64,194.83,219.37,207.48,192.08,196.02,133.71,155.69,143.23,152.76,131.89,110.37,113.44,0,0,TCU,
Gary Pinkel,0,0,0,0,0,0,217.98,198.53,189.91,212.4,158.06,229,206.45,207.9,199.83,162.96,164.44,197.15,163.47,190.06,27.69,0,#N/A,
Gene Chizik,0,0,0,0,0,0,0,0,0,261.81,281.02,277.2,226.93,155.21,155.95,0,0,0,0,0,0,0,#N/A,
Geoff Collins,0,222.73,188.28,155.39,108.13,0,0,0,0,0,0,0,0,0,0,0,0,0,0,0,0,0,Georgia Tech,
George Barlow,0,0,0,0,0,0,0,0,0,0,57.85,0,0,0,0,0,0,0,0,0,0,0,#N/A,
George O'Leary,0,0,0,0,0,0,160.78,159.55,139.32,113.11,158.74,189.21,163.27,162.5,154.18,112.86,115.27,73.92,0,0,0,54.41,#N/A,
George Welsh,0,0,0,0,0,0,0,0,0,0,0,0,0,0,0,0,0,0,0,0,0,28.47,#N/A,
Gerry DiNardo,0,0,0,0,0,0,0,0,0,0,0,0,0,0,0,0,0,125.43,101.12,91.93,0,0,#N/A,
Glen Mason,0,0,0,0,0,0,0,0,0,0,0,0,0,0,0,142.77,142.28,128.67,149.65,90.65,0,0,#N/A,
Greg McMackin,0,0,0,0,0,0,0,0,0,0,73.77,155.71,151.83,134.54,0,0,0,0,0,0,0,0,#N/A,
Greg Robinson,0,0,0,0,0,0,0,0,0,0,0,0,0,166.43,168.09,150.59,122.04,0,0,0,0,0,#N/A,
Greg Schiano,1,170.14,0,0,0,0,0,0,0,0,205.88,186.09,214.01,182.51,199.38,170.43,125.44,138.98,164.34,117.69,0,0,Rutgers,
Gregg Brandon,0,0,0,0,0,0,0,0,0,0,0,0,0,71.09,66.74,93.28,77.41,82.68,90.32,0,0,0,#N/A,
Gus Malzahn,0,274.6,271.94,262.77,255.92,275.14,278.31,277.12,267.46,162.02,0,0,0,0,0,0,0,0,0,0,0,0,Auburn,
Guy Morriss,0,0,0,0,0,0,0,0,0,0,0,0,0,0,128.62,154.18,125.15,80.82,126.41,0,0,0,#N/A,
Hal Mumme,0,0,0,0,0,0,0,0,0,0,0,0,0,92.38,82.22,63.94,19.8,0,0,0,0,29.46,#N/A,
Herm Edwards,1,229.47,219.76,207.26,0,0,0,0,0,0,0,0,0,0,0,0,0,0,0,0,0,0,Arizona State,
Houston Nutt,0,0,0,0,0,0,0,0,0,0,226.45,223.7,240.24,204.46,189.14,204.67,192.49,199.85,155.43,191.28,110.15,79.86,#N/A,
Howard Schnellenberger,1,0,0,0,0,0,0,0,0,0,60.49,66.11,0,0,0,32.72,28.65,15.54,0,0,0,0,#N/A,
Hugh Freeze,0,146.5,108.39,0,0,281.69,245.71,241.12,275.52,190.69,48.25,0,0,0,0,0,0,0,0,0,0,0,Liberty,
J. D. Brookhart,0,0,0,0,0,0,0,0,0,0,0,0,124.68,106.94,128.55,102.97,88.92,75.91,0,0,0,0,#N/A,
Jack Bicknell Jr,0,0,0,0,0,0,0,0,0,0,0,0,0,0,0,104.59,85.65,78.11,130.03,45.48,0,0,#N/A,
Jack Harbaugh,0,0,0,0,0,0,0,0,0,0,0,0,0,0,0,0,0,0,0,0,0,0,#N/A,
Jackie Sherrill,0,0,0,0,0,0,0,0,0,0,0,0,0,0,0,0,0,0,208.22,226.35,26.35,0,#N/A,
Jake Spavital,0,145.19,111.1,0,0,0,0,0,0,0,0,0,0,0,0,0,0,0,0,0,0,0,Texas State,
James Franklin,0,256.05,270.67,285.92,240.47,237.79,250,221.35,211.23,194.25,164,0,0,0,0,0,0,0,0,0,0,0,Penn State,
Jason Candle,0,164.2,162.01,174,146.6,132.92,0,0,0,0,0,0,0,0,0,0,0,0,0,0,0,0,Toledo,
Jay Hopson,0,161.52,156.39,157.89,152.71,126.05,0,0,0,0,0,0,0,0,0,0,0,0,0,0,0,0,Southern Mississippi,
Jay Norvell,0,132.46,145.27,155.96,125.03,0,0,0,0,0,0,0,0,0,0,0,0,0,0,0,0,0,Nevada,
Jeff Bower,0,0,0,0,0,0,0,0,0,0,0,0,0,0,153.94,136.68,117.82,109.5,95.96,141.15,0,0,#N/A,
Jeff Brohm,0,208.38,224.72,188.31,158.89,124.1,115.65,121.12,0,0,0,0,0,0,0,0,0,0,0,0,0,0,Purdue,
Jeff Genyk,0,0,0,0,0,0,0,0,0,0,0,0,0,77.66,69.38,49.67,28.36,72.7,0,0,0,0,#N/A,
Jeff Hafley ,0,170.36,0,0,0,0,0,0,0,0,0,0,0,0,0,0,0,0,0,0,0,0,Boston College,
Jeff Jagodzinski,0,0,0,0,0,0,0,0,0,0,0,0,0,191.79,168.51,0,0,0,0,0,0,0,#N/A,
Jeff Monken,0,139.43,139.75,118.69,106.37,108.9,100.83,87.22,40.99,25.1,0,13.33,0,0,0,0,0,0,0,0,0,0,Army,
Jeff Quinn,0,0,0,0,0,0,0,108.06,72.53,89.13,61.88,125.67,0,0,0,0,0,0,0,0,0,0,#N/A,
Jeff Scott,0,142.97,0,0,0,0,0,0,0,0,0,0,0,0,0,0,0,0,0,0,0,0,South Florida,
Jeff Tedford,0,0,153.5,141.73,137.74,0,0,0,0,217.88,249.7,233.8,206.98,205.43,210.38,212.65,241.37,196.23,180.46,0,0,0,#N/A,
Jeff Traylor,0,142.53,0,0,0,0,0,0,0,0,0,0,0,0,0,0,0,0,0,0,0,0,UT San Antonio,
Jeff Woodruff,0,0,0,0,0,0,0,0,0,0,0,0,0,0,0,0,0,0,74.64,77.27,0,0,#N/A,
Jeremy Pruitt,0,261.5,269.07,231.34,0,0,0,0,0,0,0,0,0,0,0,0,0,0,0,0,0,0,Tennessee,
Jerry Baldwin,0,0,0,0,0,0,0,0,0,0,0,0,0,0,0,0,0,0,0,0,0,0,#N/A,
Jerry Kill,0,0,0,0,0,0,167.01,172.32,152.11,171,157.15,139.25,114.72,64.56,0,0,0,0,0,0,0,0,#N/A,
Jerry Moore,0,0,0,0,0,0,0,0,0,46.27,4.32,0,0,0,0,0,0,0,0,0,0,0,#N/A,
Jim Caldwell,1,0,0,0,0,0,0,0,0,0,0,0,0,0,0,0,0,0,0,0,0,0,#N/A,
Jim Donnan,0,0,0,0,0,0,0,0,0,0,0,0,0,0,0,0,0,0,0,0,0,28.9,#N/A,
Jim Grobe,0,0,0,0,0,191.99,0,0,153,156.07,144.89,178.48,167.36,150.75,133.78,122.34,119.7,75.52,125.47,19.8,0,0,#N/A,
Jim Harbaugh,1,256.34,277.15,230.56,296.03,280.38,194.82,0,0,0,0,223.33,232.43,175.6,163.29,0,0,0,0,0,0,0,Michigan,
Jim Hofher,0,0,0,0,0,0,0,0,0,0,0,0,0,0,0,0,75.75,72.05,73.52,76.26,0,0,#N/A,
Jim L. Mora,0,0,0,0,229.13,259.06,269.68,239.74,276.33,247.77,0,0,0,0,0,0,0,0,0,0,0,0,#N/A,
Jim Leavitt,0,0,0,0,0,0,0,0,0,0,0,0,222.52,128.07,154.98,152.47,130.19,154.25,97.77,59.28,0,0,#N/A,
Jim McElwain,0,130.86,137.96,0,251.23,260.96,227.46,122.77,132.61,74.75,0,0,0,0,0,0,0,0,0,0,0,0,Central Michigan,
Jim Tressel,0,0,0,0,0,0,0,0,0,0,0,237.38,281.93,271.03,128.98,198.91,109.84,124.55,148.26,277.57,155.45,0,#N/A,
Jimbo Fisher,0,289.49,285.46,251.2,292.88,294.83,287.06,286.79,262.69,290.11,297.03,271.41,0,0,0,0,0,0,0,0,0,0,Texas A&M,
Jimmy Lake,0,252.35,0,0,0,0,0,0,0,0,0,0,0,0,0,0,0,0,0,0,0,0,Washington,
Joe Glenn,0,0,0,0,0,0,0,0,0,0,0,0,0,110.78,124.82,89.64,58.87,94.9,73.52,0,0,0,#N/A,
Joe Hollis,0,0,0,0,0,0,0,0,0,0,0,0,0,0,0,0,0,0,0,0,0,0,#N/A,
Joe Moglia,0,136.61,125.06,120.13,96.51,97.11,26.71,19.95,35.72,10.62,0,0,0,0,0,0,0,0,0,0,0,0,Coastal Carolina,
Joe Moorhead,0,0,236.6,218.47,0,0,0,0,0,0,0,0,0,0,0,0,0,0,0,0,0,0,#N/A,
Joe Novak,0,0,0,0,0,0,0,0,0,0,0,0,0,0,97.06,111.98,103.92,84.31,79.6,72.15,0,0,#N/A,
Joe Paterno,0,0,0,0,0,0,0,0,0,0,201.4,249.63,233.47,189.29,183.65,270.41,195.18,221.53,144.63,207.39,80.65,196.61,#N/A,
Joe Tiller,0,0,0,0,0,0,0,0,0,0,0,0,0,171.26,151.99,151.9,188.81,202.84,174.87,137.02,26.81,0,#N/A,
Joey Jones,0,0,0,0,110.24,134.08,132.17,96.08,123.16,93.33,76.36,0,0,0,0,0,0,0,0,0,0,0,#N/A,
John Bonamego,0,0,0,111.22,127.4,112.52,123.63,0,0,0,0,0,0,0,0,0,0,0,0,0,0,0,#N/A,
John Bunting,0,0,0,0,0,0,0,0,0,0,0,0,0,0,0,197.92,153.2,185.1,192.52,143.32,27.39,0,#N/A,
John Cooper,0,0,0,0,0,0,0,0,0,0,0,0,0,0,0,0,0,0,0,0,0,112.1,#N/A,
John L Smith,0,0,0,0,0,0,0,0,0,222.12,0,0,0,0,0,162.06,178.54,206.6,110.52,135.36,0,0,#N/A,
John Mackovic,1,0,0,0,0,0,0,0,0,0,0,0,0,0,0,0,0,0,159.32,175.32,52.65,0,#N/A,
John Robinson,1,0,0,0,0,0,0,0,0,0,0,0,0,0,0,0,0,86.81,113.89,83.93,0,0,#N/A,
John Thompson,0,0,0,0,0,0,0,0,0,0,0,0,0,0,0,0,0,102.81,82.19,0,0,0,#N/A,
Joker Phillips,0,0,0,0,0,0,0,0,0,187.81,184.89,190.83,0,0,0,0,0,0,0,0,0,0,#N/A,
Jon Embree,0,0,0,0,0,0,0,0,0,203.71,147.7,0,0,0,0,0,0,0,0,0,0,0,#N/A,
Jonathan Smith,0,182.12,172.88,173.14,0,0,0,0,0,0,0,0,0,0,0,0,0,0,0,0,0,0,Oregon State,
Josh Heupel,0,162.97,179.69,177.05,0,0,0,0,0,0,0,0,0,0,0,0,0,0,0,0,0,0,UCF,
June Jones,1,0,0,0,0,0,0,128.23,148.4,149.82,144.59,177.12,159.25,123.62,140.68,46.53,112.61,91.28,93.21,109.63,0,0,#N/A,
Justin Fuente,0,162.89,224.01,226.01,217.74,190.06,146.79,135.91,123.56,116.8,0,0,0,0,0,0,0,0,0,0,0,0,Virginia Tech,
Justin Wilcox,0,198,196.48,197.41,159.53,0,0,0,0,0,0,0,0,0,0,0,0,0,0,0,0,0,California,
Kalani Sitake,0,159.91,156.76,160.52,167.37,177.85,0,0,0,0,0,0,0,0,0,0,0,0,0,0,0,0,BYU,
Kalen DeBoer,0,131.51,0,0,0,0,0,0,0,0,0,0,0,0,0,0,0,0,0,0,0,0,Fresno State,
Karl Dorrell,0,0,0,0,0,0,0,0,0,0,0,0,0,0,106.93,145.04,209.07,177.82,174.6,0,0,0,#N/A,
Keith Burns,0,0,0,0,0,0,0,0,0,0,0,0,0,0,0,0,0,0,0,107.69,0,0,#N/A,
Keith Gilbertson,0,0,0,0,0,0,0,0,0,0,0,0,0,0,0,0,0,190.58,184.69,0,0,0,#N/A,
Ken Hatfield,0,0,0,0,0,0,0,0,0,0,0,0,0,0,0,0,81.71,69.01,91.03,0,0,0,#N/A,
Ken Karcher,0,0,0,0,0,0,0,0,0,0,0,0,0,0,0,0,0,0,0,0,0,0,#N/A,
Ken Niumatalolo,0,128.76,124.39,124.71,131.73,132.07,114.7,101.9,97.15,89.01,81.56,38.65,19.31,67.88,0,0,0,0,0,0,0,0,Navy,
Kevin Morris,0,0,0,0,0,0,0,0,0,0,6.67,0,0,0,0,0,0,0,0,0,0,0,#N/A,
Kevin Steele,0,0,0,0,0,0,0,0,0,0,0,0,0,0,0,0,0,0,0,168.66,0,0,#N/A,
Kevin Sumlin,0,170.89,182.67,178.03,248.58,238.94,270.61,278.08,267.75,248.67,133.64,185.42,162.28,129.82,0,0,0,0,0,0,0,0,Arizona,
Kevin Wilson,0,0,0,0,0,172.23,175.35,180.46,190.33,175.53,158.62,0,0,0,0,0,0,0,0,0,0,0,#N/A,
Kirby Smart,0,313.34,309.12,323.31,301.6,281.31,0,0,0,0,0,0,0,0,0,0,0,0,0,0,0,0,Georgia,
Kirk Ferentz,0,203.81,199.36,203.34,191.44,181.39,169.99,171.84,171.96,201.08,208.64,208.14,165.44,169.8,199.85,174.47,252.89,35.7,158.53,0,56.95,27.45,Iowa,
Kliff Kingsbury,1,0,0,169.87,183.07,184.64,203.18,191.82,182.16,0,0,0,0,0,0,0,0,0,0,0,0,0,#N/A,
Kyle Flood,0,0,0,0,0,0,172.19,174.14,180.79,226.24,0,0,0,0,0,0,0,0,0,0,0,0,#N/A,
Kyle Whittingham,0,212.32,196.61,209.95,205.78,200.66,183.38,160.67,181.27,204.91,182.11,202.2,195.36,152.27,151.35,147.87,128.26,0,0,0,0,0,Utah,
Lance Leipold,0,114.94,134.64,81.31,112.97,107.51,103.21,0,0,0,0,0,0,0,0,0,0,0,0,0,0,0,Buffalo,
Lane Kiffin,1,204.07,178.99,163.9,171.18,0,0,0,0,274.18,286.99,294.73,264.62,0,0,0,0,0,0,0,0,0,Ole Miss,
Larry Blakeney,0,0,0,0,0,0,0,64.21,114.51,111.64,51.83,117.28,172.43,144.61,137.4,91.69,86.53,91.49,90.91,6.67,0,0,#N/A,
Larry Coker,0,0,0,0,0,0,119.88,81.73,108.72,62.13,6.67,0,0,0,0,237.13,246.36,291.61,257.73,274.87,110.37,0,#N/A,
Larry Fedora,0,0,0,232.27,207.81,204.83,214.05,213.58,206.42,199.55,83.64,191.15,183.5,190.75,0,0,0,0,0,0,0,0,#N/A,
Larry Porter,0,0,0,0,0,0,0,0,0,0,122.48,172.54,0,0,0,0,0,0,0,0,0,0,#N/A,
Larry Smith,0,0,0,0,0,0,0,0,0,0,0,0,0,0,0,0,0,0,0,0,0,0,#N/A,
LaVell Edwards,0,0,0,0,0,0,0,0,0,0,0,0,0,0,0,0,0,0,0,0,0,0,#N/A,
Lee Owens,0,0,0,0,0,0,0,0,0,0,0,0,0,0,0,0,0,0,78.88,76.83,0,0,#N/A,
Les Miles,0,178.97,165.84,0,0,295.03,284.37,299.29,281.05,252.55,272.65,267.84,293.15,259.67,282.25,269.92,218.34,191.12,183.97,176.17,0,0,Kansas,
Lincoln Riley,0,259.6,279.28,276.62,270.79,0,0,0,0,0,0,0,0,0,0,0,0,0,0,0,0,0,Oklahoma,
Lloyd Carr,0,0,0,0,0,0,0,0,0,0,0,0,0,0,242.81,256.69,266.54,269.95,255.1,230.11,204.24,27.91,#N/A,
Lou Holtz,1,0,0,0,0,0,0,0,0,0,0,0,0,0,0,0,0,182.49,211.16,234.8,54.01,0,#N/A,
Lovie Smith,1,152.9,184.37,185.83,185.24,153.64,0,0,0,0,0,0,0,0,0,0,0,0,0,0,0,0,Illinois,
Luke Fickell,0,194.95,158.17,192.64,167.8,0,0,0,0,0,278.47,0,0,0,0,0,0,0,0,0,0,0,Cincinnati,
Mack Brown,0,246.65,218.57,0,0,0,0,0,234.52,300.12,284.05,312.07,277.12,271.6,293.1,281.78,218.62,256.03,237.4,305.24,109.14,185.94,North Carolina,
Major Applewhite,0,0,0,166.86,160.34,0,0,0,0,0,0,0,0,0,0,0,0,0,0,0,0,0,#N/A,
Manny Diaz,0,256.71,222.07,0,0,0,0,0,0,0,0,0,0,0,0,0,0,0,0,0,0,0,Miami,
Manny Matsakis,0,0,0,0,0,0,0,0,0,0,0,0,0,0,0,0,0,0,0,0,0,0,#N/A,
Marcus Arroyo,0,160.84,0,0,0,0,0,0,0,0,0,0,0,0,0,0,0,0,0,0,0,0,UNLV,
Mario Cristobal,0,259.49,277.98,260.22,0,0,0,0,0,134.46,76.24,153.54,152.22,123.67,93.66,0,0,0,0,0,0,0,Oregon,
Mark Dantonio,0,0,215.21,212.21,203.65,239.13,221.77,217.62,193.96,210.77,198.83,225.56,229.62,186.02,160.17,63.4,93.59,72.99,0,0,0,0,#N/A,
Mark Helfrich,0,0,0,0,0,216.42,245.79,232.44,227.16,0,0,0,0,0,0,0,0,0,0,0,0,0,#N/A,
Mark Hudspeth,0,0,0,0,104.33,115.83,146.18,102.49,138.35,97.59,91.52,0,0,0,0,0,0,0,0,0,0,0,#N/A,
Mark Mangino,0,0,0,0,0,0,0,0,0,0,0,0,195.98,184.11,163.81,169.98,164.63,130.26,151.57,134.82,0,0,#N/A,
Mark Richt,0,0,0,280.87,248.67,231.78,282.54,273.39,260.38,273.57,278.18,259.87,283.72,281.95,249.84,292.15,248.26,267.62,236.21,244.84,109.9,0,#N/A,
Mark Snyder,0,0,0,0,0,0,0,0,0,0,0,0,128.95,147.08,143.49,108.78,106.85,0,0,0,0,0,#N/A,
Mark Stoops,0,229.87,203.49,206.91,207.73,204.07,193.19,225.4,195.55,0,0,0,0,0,0,0,0,0,0,0,0,0,Kentucky,
Mark Whipple,0,0,0,123.66,115.82,136.04,118.12,87.9,0,0,0,0,0,0,0,0,0,0,0,0,0,0,#N/A,
Matt Campbell,0,190.9,192.25,185.19,180.53,170.58,138.12,115.38,141.96,138.36,0,0,0,0,0,0,0,0,0,0,0,0,Iowa State,
Matt Luke,0,0,238.11,211.49,207.63,0,0,0,0,0,0,0,0,0,0,0,0,0,0,0,0,0,#N/A,
Matt Rhule,0,0,203.39,215.02,193.36,167.55,143.34,156.27,140.29,0,0,0,0,0,0,0,0,0,0,0,0,0,#N/A,
Matt Viator,0,132.3,119.38,116.57,121.55,99.51,0,0,0,0,0,0,0,0,0,0,0,0,0,0,0,0,Louisiana Monroe,
Matt Wells,0,183.17,177.69,123.61,120,130.65,124.56,97.8,105.41,0,0,0,0,0,0,0,0,0,0,0,0,0,Texas Tech,
Mel Tucker,1,193.32,194.55,0,0,0,0,0,0,0,0,0,0,0,0,0,0,0,0,0,0,0,Michigan State,
Mick Dennehy,0,0,0,0,0,0,0,0,0,0,0,0,0,0,0,0,0,108.15,90.83,75.17,0,0,#N/A,
Mike Bellotti,0,0,0,0,0,0,0,0,0,0,0,0,0,200.86,228.77,152.98,184.71,234.92,172.47,154.47,27.69,0,#N/A,
Mike Bloomgren,0,147.7,132.03,120.42,0,0,0,0,0,0,0,0,0,0,0,0,0,0,0,0,0,0,Rice,
Mike Bobo,0,0,155.22,152.79,158.09,150.5,101.72,0,0,0,0,0,0,0,0,0,0,0,0,0,0,0,#N/A,
Mike Cavan,0,0,0,0,0,0,0,0,0,0,0,0,0,0,0,0,0,0,0,0,0,0,#N/A,
Mike Collins,0,0,0,0,0,0,0,0,0,0,0,0,0,0,0,0,0,0,0,76.83,0,0,#N/A,
Mike DeBord,0,0,0,0,0,0,0,0,0,0,0,0,0,0,0,0,0,0,92.09,73.52,0,0,#N/A,
Mike DuBose,0,0,0,0,0,0,0,0,0,0,0,0,0,0,0,0,0,0,0,0,0,199.31,#N/A,
Mike Gundy,0,192.35,202.09,209.93,194.18,184.33,191.28,217.59,199.52,213.82,212.82,213.1,209.57,204.03,208.78,213.74,157.39,0,0,0,0,0,Oklahoma State,
Mike Haywood,0,0,0,0,0,0,0,0,0,0,0,138.32,129.69,0,0,0,0,0,0,0,0,0,#N/A,
Mike Houston,0,163.06,158.4,0,0,0,0,0,0,0,0,0,0,0,0,0,0,0,0,0,0,0,East Carolina,
Mike Jinks,0,0,0,144.03,138.14,111.58,0,0,0,0,0,0,0,0,0,0,0,0,0,0,0,0,#N/A,
Mike Kruczek,0,0,0,0,0,0,0,0,0,0,0,0,0,0,0,0,0,0,109,156.61,0,0,#N/A,
Mike Leach,0,220.24,174.14,194.84,186.45,169.74,188.41,176.62,177.9,173.37,0,0,206.43,131.78,170.43,192.05,172.32,157.29,108.77,173.15,0,0,Mississippi State,
Mike Locksley,0,209.67,192.18,0,0,0,0,0,0,0,0,157.08,95.54,0,0,0,0,0,0,0,0,0,Maryland,
Mike London,0,0,0,0,0,0,179.92,205.34,201.88,223.88,220.78,170.27,0,0,0,0,0,0,0,0,0,0,#N/A,
Mike MacIntyre,0,0,0,187.11,203.78,160.42,162.04,147.9,151.29,0,0,0,0,0,0,0,0,0,0,0,0,0,#N/A,
Mike Neu,0,131.5,122.89,115.57,128.8,110.91,0,0,0,0,0,0,0,0,0,0,0,0,0,0,0,0,Ball State,
Mike Norvell,0,238.41,172.4,157.28,177.6,165.98,0,0,0,0,0,0,0,0,0,0,0,0,0,0,0,0,Florida State,
Mike Price,0,0,0,0,0,0,0,0,0,102.75,35.04,150.87,0,0,0,120.39,112.64,58.88,0,147.73,0,0,#N/A,
Mike Riley,1,0,0,0,224.33,216.76,211.72,166.96,186.6,195.63,175.84,178.62,184.11,162.02,177.75,180.86,159.77,188.9,123.52,0,0,0,#N/A,
Mike Sanford,0,0,0,0,0,0,0,0,0,0,0,0,132.75,104.57,107.99,88.98,104.85,0,0,0,0,0,#N/A,
Mike Sanford Jr,0,0,0,154.77,138.03,0,0,0,0,0,0,0,0,0,0,0,0,0,0,0,0,0,#N/A,
Mike Sewak,0,0,0,0,0,0,0,0,0,0,0,0,0,0,0,0,0,0,0,0,0,0,#N/A,
Mike Sherman,1,0,0,0,0,0,0,0,0,0,193.44,240.98,219.98,228.03,0,0,0,0,0,0,0,0,#N/A,
Mike Shula,0,0,0,0,0,0,0,0,0,0,0,0,0,0,0,233.66,216.52,191.78,156.58,0,0,0,#N/A,
Mike Stoops,0,0,0,0,0,0,0,0,0,0,166.94,183.75,184.83,209.08,153.87,213.58,204.44,154.87,0,0,0,0,#N/A,
Neal Brown,0,199.77,191.83,136.65,123.9,127.73,107.58,0,0,0,0,0,0,0,0,0,0,0,0,0,0,0,West Virginia,
Neil Callaway,0,0,0,0,0,0,0,0,0,0,61.54,150.49,149.82,105.82,81.18,0,0,0,0,0,0,0,#N/A,
Nick Rolovich,0,179.28,129.53,138.46,133.96,111.87,0,0,0,0,0,0,0,0,0,0,0,0,0,0,0,0,Washington State,
Nick Saban,1,310.44,317.5,289.94,323.87,302.04,311.1,319.71,319.5,313.12,298.5,284.2,288.63,291.61,241.78,0,0,287.64,282.27,210.17,206.53,54.01,Alabama,
No Team,0,0,0,0,0,158.61,0,0,0,0,0,0,0,0,0,0,0,0,0,0,0,0,#N/A,
Norm Chow,0,0,0,0,0,0,98.16,108.34,139.5,124.09,0,0,0,0,0,0,0,0,0,0,0,0,#N/A,
P. J. Fleck,0,199.35,194.48,206.66,171.42,160.72,147.78,153.42,106.64,0,0,0,0,0,0,0,0,0,0,0,0,0,Minnesota,
Pat Fitzgerald,0,190.69,188.14,180.18,182.07,174.91,174.83,182.68,174.64,178.76,150.59,176.85,169.62,141.43,165.66,115.18,0,0,0,0,0,0,Northwestern,
Pat Hill,0,0,0,0,0,0,0,0,0,0,67.3,175.17,130.4,143.22,129.21,111.54,100.59,72.67,108,0,0,0,#N/A,
Pat Narduzzi,0,192.65,181.53,193.19,202.12,209.23,183.18,0,0,0,0,0,0,0,0,0,0,0,0,0,0,0,Pittsburgh,
Paul Chryst,0,225.54,219.51,195.04,193.87,202.85,189.85,187.66,196.04,198.81,0,0,0,0,0,0,0,0,0,0,0,0,Wisconsin,
Paul Hackett,0,0,0,0,0,0,0,0,0,0,0,0,0,0,0,0,0,0,0,0,0,83.99,#N/A,
Paul Haynes,0,0,0,0,94.88,82.77,119.93,86.65,95.27,0,0,0,0,0,0,0,0,0,0,0,0,0,#N/A,
Paul Johnson,0,0,0,196.94,184.4,167.13,185.45,175.71,149.34,183.42,174.84,201.21,201.51,168.44,0,32.36,29.17,41.52,60.25,6.67,0,0,#N/A,
Paul Pasqualoni,0,0,0,0,0,0,0,0,160.61,143.96,117.6,0,0,0,0,0,0,118.35,128.96,0,29.2,55.14,#N/A,
Paul Rhoads,0,0,0,0,0,0,166.5,171.65,159.52,155.41,153.86,175.2,159.69,0,0,0,0,0,0,0,0,0,#N/A,
Paul Wulff,0,0,0,0,0,0,0,0,0,0,144.31,177.38,166.89,146.27,0,0,0,0,0,0,0,0,#N/A,
Pete Carroll,1,0,0,0,0,0,0,0,0,0,0,0,289.28,290.34,295.06,316.97,285.12,291.67,288.61,250.9,57.46,0,#N/A,
Pete Lembo,0,0,0,0,0,0,119.7,107.53,107.69,103.09,60.53,0,0,0,0,0,0,0,0,0,0,0,#N/A,
Phil Bennett,0,0,0,0,0,0,0,0,0,0,0,0,0,0,117.93,64.64,122.19,98.61,134.26,84.52,0,0,#N/A,
Phil Fulmer,0,0,0,0,0,0,0,0,0,0,0,0,0,203.39,284.42,191.71,276.14,235.04,231.39,299.26,184.16,252.66,#N/A,
Philip Montgomery,0,138.25,133.88,137.25,135.07,128.52,116.08,0,0,0,0,0,0,0,0,0,0,0,0,0,0,0,Tulsa,
Ralph Friedgen,0,0,0,0,0,0,0,0,0,0,0,205.67,211.59,186.96,196.41,202.78,206.08,204.06,179.95,176.61,0,0,#N/A,
Randy Edsall,0,134.27,127.68,125.87,121.64,0,182.31,190.98,193.11,204.96,162.97,151.1,142.56,124.74,152.51,91.46,114.29,87.28,87.69,66.92,0,0,Connecticut,
Randy Shannon,0,0,0,0,0,0,0,0,0,0,0,249.55,242.24,302.6,236.11,0,0,0,0,0,0,0,#N/A,
Randy Walker,0,0,0,0,0,0,0,0,0,0,0,0,0,0,0,0,141.34,82.28,111.31,111.17,52.85,0,#N/A,
RC Slocum,0,0,0,0,0,0,0,0,0,0,0,0,0,0,0,0,0,0,0,218.74,28.63,27.41,#N/A,
Rich Ellerson,0,0,0,0,0,0,0,0,74.07,45.41,77.89,99.95,68.46,0,0,0,0,0,0,0,0,0,#N/A,
Rich Rodriguez,0,0,0,0,185.88,180.42,186.57,213.29,188.91,199.26,0,237.54,262.72,261.55,210.32,142.51,172.44,157.73,129.6,141.52,0,0,#N/A,
Rick Brooks,0,0,0,0,0,0,0,0,0,0,0,0,193.54,153.99,24.42,139.71,0,0,22.68,0,0,0,#N/A,
Rick Minter,0,0,0,0,0,0,0,0,0,0,0,0,0,0,0,0,0,0,82.93,87.58,0,0,#N/A,
Rick Neuheisel,0,0,0,0,0,0,0,0,0,0,172.23,263.81,258.45,250.33,0,0,0,0,0,218.86,84.23,27.47,#N/A,
Rick Stockstill,0,150.6,154.43,125.31,128.1,128.26,134.77,124.03,125.23,87.49,66.67,88.46,135.97,149.84,105.47,55.56,0,0,0,0,0,0,Middle Tennessee,
Rickey Bustle,0,0,0,0,0,0,0,0,0,0,0,86.44,77.11,82.66,83.02,76.72,94.87,77.34,90.56,60.25,0,0,#N/A,
Ricky Rahne,0,146.75,0,0,0,0,0,0,0,0,0,0,0,0,0,0,0,0,0,0,0,0,Old Dominion,
Rip Scherer,0,0,0,0,0,0,0,0,0,0,0,0,0,0,0,0,0,0,0,0,0,0,#N/A,
Rob Ianello,0,0,0,0,0,0,0,0,0,0,50.3,136.89,0,0,0,0,0,0,0,0,0,0,#N/A,
Robbie Caldwell,0,0,0,0,0,0,0,0,0,0,0,188.39,0,0,0,0,0,0,0,0,0,0,#N/A,
Rocky Long,0,0,149.19,159.56,149.69,141.93,161.96,147.92,151.17,139.37,118.44,0,0,109.8,103.98,121.96,91.3,83.14,88.78,93.32,0,0,#N/A,
Rod Carey,0,145.3,136.56,141.69,122.74,111.4,138.94,109.52,108.89,0,0,0,0,0,0,0,0,0,0,0,0,0,Temple,
Ron Caragher,0,0,0,0,0,0,0,0,0,0,0,0,0,0,0,0,0,0,0,0,0,0,#N/A,
Ron English,0,0,0,0,0,0,0,0,98.58,96.95,53.69,110.9,102.1,0,0,0,0,0,0,0,0,0,#N/A,
Ron McBride,0,0,0,0,0,0,0,0,0,0,0,0,0,0,0,0,0,0,0,59.74,0,0,#N/A,
Ron Prince,0,0,0,0,0,0,0,0,0,0,0,0,0,198.72,189.4,168.16,0,0,0,0,0,0,#N/A,
Ron Turner,0,0,0,0,0,119.8,120.42,100.66,98.08,0,0,0,0,0,0,0,0,122.38,180.52,155.41,26.83,0,#N/A,
Ron Vanderlinden,0,0,0,0,0,0,0,0,0,0,0,0,0,0,0,0,0,0,0,0,0,26.47,#N/A,
Ron Zook,0,0,0,0,0,0,0,0,0,0,183.92,180.07,214.15,220.63,212.85,193.1,156.4,273.5,298.36,236.73,0,0,#N/A,
Ruffin McNeil,0,0,0,0,0,0,126.85,136.87,146.66,133.06,138.07,152.95,0,0,0,0,0,0,0,0,0,0,#N/A,
Ryan Day,0,295.08,261.18,0,0,0,0,0,0,0,0,0,0,0,0,0,0,0,0,0,0,0,Ohio State,
Ryan Silverfield,0,165.67,0,0,0,0,0,0,0,0,0,0,0,0,0,0,0,0,0,0,0,0,Memphis,
Sam Pittman,0,212.16,0,0,0,0,0,0,0,0,0,0,0,0,0,0,0,0,0,0,0,0,Arkansas,
Scot Loeffler,0,154.4,115.37,0,0,0,0,0,0,0,0,0,0,0,0,0,0,0,0,0,0,0,Bowling Green,
Scott Frost,0,240.27,245.1,227.95,178.34,162.22,0,0,0,0,0,0,0,0,0,0,0,0,0,0,0,0,Nebraska,
Scott Satterfeld,0,194.46,165.93,0,0,0,0,0,0,0,0,0,0,0,0,0,0,0,0,0,0,0,Louisville,
Scott Satterfield,0,0,0,120.2,116.78,111.72,112.03,121.25,78.64,0,0,0,0,0,0,0,0,0,0,0,0,0,#N/A,
Scott Shafer,0,0,0,0,0,0,172.06,176.87,144.37,0,0,0,0,0,0,0,0,0,0,0,0,0,#N/A,
Scottie Montgomery,0,0,0,147.43,144.55,146.62,0,0,0,0,0,0,0,0,0,0,0,0,0,0,0,0,#N/A,
Sean Kugler,0,0,0,0,85.51,99.39,73.03,89.53,88.53,0,0,0,0,0,0,0,0,0,0,0,0,0,#N/A,
Sean Lewis,0,141.52,138.12,127.72,0,0,0,0,0,0,0,0,0,0,0,0,0,0,0,0,0,0,Kent State,
Seth Littrell,0,164.56,158.78,127.14,111.16,122.36,0,0,0,0,0,0,0,0,0,0,0,0,0,0,0,0,North Texas,
Shane Montgomery,0,0,0,0,0,0,0,0,0,0,0,0,0,105.2,127.03,94.07,70.84,0,0,0,0,0,#N/A,
Shawn Clark,0,154.59,0,0,0,0,0,0,0,0,0,0,0,0,0,0,0,0,0,0,0,0,Appalachian State,
Shawn Elliott,0,140.52,140.37,140.45,119.23,0,0,0,0,0,0,0,0,0,0,0,0,0,0,0,0,0,Georgia State,
Skip Holtz,0,162.08,155.46,162.18,121.72,128.91,142.32,119.17,124.51,181.93,143.19,182.46,124.38,119.53,118.48,115.08,47.3,0,0,0,0,0,Louisiana Tech,
Sonny Dykes,0,156.95,167.28,151.67,0,207.8,198.77,174.52,190.85,111.9,51.59,154.22,0,0,0,0,0,0,0,0,0,0,SMU,
Sonny Lubick,0,0,0,0,0,0,0,0,0,0,0,0,0,0,123.4,112.11,94.42,122.11,103.13,104.1,26.31,0,#N/A,
Stan Brock,0,0,0,0,0,0,0,0,0,0,0,0,0,57.21,15.3,0,0,0,0,0,0,0,#N/A,
Stan Parrish,0,0,0,0,0,0,0,0,0,0,0,142.28,0,0,0,0,0,0,0,0,0,0,#N/A,
Steve Addazio,0,142.8,177.26,172.47,162.61,146.69,169.45,177.12,126.19,139.63,93.88,0,0,0,0,0,0,0,0,0,0,0,Colorado State,
Steve Campbell,0,140.54,122.8,120.03,0,0,0,0,0,0,0,0,0,0,0,0,0,0,0,0,0,0,South Alabama,
Steve Fairchild,0,0,0,0,0,0,0,0,0,0,122.79,172.59,125.17,114.44,0,0,0,0,0,0,0,0,#N/A,
Steve Kragthorpe,0,0,0,0,0,0,0,0,0,0,0,0,174.46,175.97,165.31,88.58,126.2,105.54,103.19,0,0,0,#N/A,
Steve Logan,0,0,0,0,0,0,0,0,0,0,0,0,0,0,0,0,0,0,0,80.47,0,0,#N/A,
Steve Roberts,0,0,0,0,0,0,0,0,0,0,0,142.14,80.06,85.47,75.26,64.59,61.04,88.33,92.91,90.16,0,0,#N/A,
Steve Sarkisian,0,0,0,0,0,0,310.88,264.86,234.2,225.52,219.9,234.35,154.97,0,0,0,0,0,0,0,0,0,#N/A,
Steve Spurrier,1,0,0,0,0,0,230.49,239.33,224.01,248.77,244.09,210.39,257.08,198.87,273.85,182.76,210.9,0,0,0,26.18,239.17,#N/A,
Sylvester Croom,0,0,0,0,0,0,0,0,0,0,0,0,0,165.14,194.64,168.98,188.28,123.23,0,0,0,0,#N/A,
Ted Roof,0,0,0,0,0,0,0,0,0,0,0,0,0,0,126.41,152.48,140.17,107.79,0,0,0,0,#N/A,
Ted Tollner,0,0,0,0,0,0,0,0,0,0,0,0,0,0,0,0,0,0,0,0,0,0,#N/A,
Terry Allen,0,0,0,0,0,0,0,0,0,0,0,0,0,0,0,0,0,0,0,0,0,0,#N/A,
Terry Bowden,0,0,0,108.81,88.91,82.29,82.38,97.33,97.64,70.1,0,0,0,0,0,0,0,0,0,0,0,0,#N/A,
Terry Hoeppner,0,0,0,0,0,0,0,0,0,0,0,0,0,0,0,122.15,103.16,72.08,68.5,60.25,0,0,#N/A,
Terry Shea,0,0,0,0,0,0,0,0,0,0,0,0,0,0,0,0,0,0,0,0,0,0,#N/A,
Thomas Hammock,0,149.69,134.16,0,0,0,0,0,0,0,0,0,0,0,0,0,0,0,0,0,0,0,Northern Illinois,
Tim Beckman,0,0,0,0,0,0,0,153.35,176.35,162.09,132.9,149.24,131.44,0,0,0,0,0,0,0,0,0,#N/A,
Tim Brewster,0,0,0,0,0,0,0,0,0,0,0,186.47,209.2,214,165.41,0,0,0,0,0,0,0,#N/A,
Tim DeRuyter,0,0,0,0,0,137.22,155.02,124.42,142.76,89.62,0,0,0,0,0,0,0,0,0,0,0,0,#N/A,
Tim Lester,0,153.11,148.7,163.69,129.94,0,0,0,0,0,0,0,0,0,0,0,0,0,0,0,0,0,Western Michigan,
Todd Berry,0,0,0,0,0,0,116.67,84.48,77.32,89.23,57.72,85.12,0,0,0,0,0,0,79.6,41.19,0,0,#N/A,
Todd Dodge,0,0,0,0,0,0,0,0,0,0,0,83.28,116.92,158.8,105.48,0,0,0,0,0,0,0,#N/A,
Todd Graham,0,124.35,0,0,206.68,217.62,232.73,223.19,192.78,205.33,150.28,172.19,174.21,137.2,120.23,89.39,0,0,0,0,0,0,Hawai'i,
Todd Monken,0,0,0,0,0,0,133.4,125.74,136.46,0,0,0,0,0,0,0,0,0,0,0,0,0,#N/A,
Tom Allen,0,177.39,202.63,190.77,167.99,0,0,0,0,0,0,0,0,0,0,0,0,0,0,0,0,0,Indiana,
Tom Amstutz,0,0,0,0,0,0,0,0,0,0,0,0,0,128.48,117.6,109.58,70.41,94.07,82.91,29.44,0,0,#N/A,
Tom Arth,0,129.48,130.23,0,0,0,0,0,0,0,0,0,0,0,0,0,0,0,0,0,0,0,Akron,
Tom Craft,0,0,0,0,0,0,0,0,0,0,0,0,0,0,0,0,160.86,145.04,131.79,117.81,0,0,#N/A,
Tom Herman,0,270.93,287.69,300.06,217.76,201.5,131.58,0,0,0,0,0,0,0,0,0,0,0,0,0,0,0,Texas,
Tom Holmoe,0,0,0,0,0,0,0,0,0,0,0,0,0,0,0,0,0,0,0,0,28.61,0,#N/A,
Tom O'Brien,0,0,0,0,0,0,0,0,0,199.55,230.93,224.64,258.85,205.05,244.08,179.61,146.65,177.34,170.35,160.57,26.14,27.33,#N/A,
Tommy Bowden,0,0,0,0,0,0,0,0,0,0,0,0,0,0,221.47,232.26,217.21,145.22,153.65,179.37,58,27.15,#N/A,
Tommy Tuberville,0,0,0,0,0,152.74,162.45,161.43,162.33,220.7,230.54,207.32,0,224.19,248.55,245.54,209.75,182.43,200.29,226.3,126.96,80.07,#N/A,
Tommy West,0,0,0,0,0,0,0,0,0,0,0,0,130.01,146.77,121.04,84.38,94.57,109.55,117.27,128.75,27.59,0,#N/A,
Tony Levine,0,0,0,0,0,0,0,144.26,171.4,176.32,0,0,0,0,0,0,0,0,0,0,0,0,#N/A,
Tony Samuel,0,0,0,0,0,0,0,0,0,0,0,0,0,0,0,0,0,76.58,76.7,19.8,0,0,#N/A,
Tony Sanchez,0,0,139.57,131.08,109.9,142.78,119.46,0,0,0,0,0,0,0,0,0,0,0,0,0,0,0,#N/A,
Tracy Claeys,0,0,0,0,0,182.22,0,0,0,0,0,0,0,0,0,0,0,0,0,0,0,0,#N/A,
Trent Miles,0,0,0,0,0,96.32,90.61,102.91,101.05,0,0,0,0,0,0,0,0,0,0,0,0,0,#N/A,
Troy Calhoun,0,142.11,134.5,110.51,115.88,110.9,98.02,97.78,106.74,121.39,77.86,26.17,95.62,23.97,32.03,0,0,0,0,0,0,0,Air Force,
Turner Gill,0,0,0,80.33,40.17,35.65,38.13,7.63,0,22.63,178.77,177.9,90.58,65.34,61.45,96.91,0,0,0,0,0,0,#N/A,
Tyrone Willingham,0,0,0,0,0,0,0,0,0,0,0,0,0,225.25,184.72,183.52,114.56,168.32,239.52,235.46,84.71,85.01,#N/A,
Tyson Helton,0,157.37,153.89,0,0,0,0,0,0,0,0,0,0,0,0,0,0,0,0,0,0,0,Western Kentucky,
Tyson Summers,0,0,0,0,118.78,149.4,0,0,0,0,0,0,0,0,0,0,0,0,0,0,0,0,#N/A,
Urban Meyer,0,0,0,317.06,312.14,289.12,279.6,296.08,303.35,286.13,0,324.62,270.42,286.27,313.05,294.83,220.98,113.22,102.89,81.31,0,0,#N/A,
Vic Koenning,0,0,0,0,0,0,0,0,0,0,0,0,0,0,0,0,0,0,0,83.82,0,0,#N/A,
Walt Bell,0,145.02,130.79,0,0,0,0,0,0,0,0,0,0,0,0,0,0,0,0,0,0,0,Umass,
Walt Harris,0,0,0,0,0,0,0,0,0,0,0,0,0,0,0,137.17,200.1,154.42,147.62,181.22,27.03,26.02,#N/A,
Watson Brown,0,0,0,0,0,0,0,0,0,0,0,0,0,0,0,155.39,110.09,88.92,84.94,91.7,0,0,#N/A,
Will Healy,0,152.55,112.69,0,0,0,0,0,0,0,0,0,0,0,0,0,0,0,0,0,0,0,Charlotte,
Will Muschamp,0,250.12,247.26,242.04,227.58,216.77,0,267.4,291.89,290.27,258.24,0,0,0,0,0,0,0,0,0,0,0,South Carolina,
Willie Fritz,0,165.84,144.82,173.75,114.66,127.78,137.18,111.25,0,0,0,0,0,0,0,0,0,0,0,0,0,0,Tulane,
Willie Taggart,0,162.51,244.31,265.42,230.04,161.21,163.15,189.74,173.74,111.94,85.81,126.31,0,0,0,0,0,0,0,0,0,0,Florida Atlantic,
Woody Widenhofer,0,0,0,0,0,0,0,0,0,0,0,0,0,0,0,0,0,0,0,0,26.02,26.39,#N/A,